2018,优秀青年科学基金项目,A01,1,41822503,D0507,“亚洲大陆-周边区域”非均匀热力变化与东亚气候,左志燕,中国气象科学研究院,130,2019-01至2021-12
2018,优秀青年科学基金项目,A01,2,61822508,F0502,宽带微波光子信号处理,邹卫文,上海交通大学,130,2019-01至2021-12
2018,优秀青年科学基金项目,A01,3,41822402,D0403,环境磁学,朱宗敏,中国地质大学（武汉）,130,2019-01至2021-12
2018,优秀青年科学基金项目,A01,4,21822405,B040301,原子光谱分析,朱振利,中国地质大学（武汉）,130,2019-01至2021-12
2018,优秀青年科学基金项目,A01,5,81822021,H1005,肠道免疫与微生物及疾病机制,朱书,中国科学技术大学,130,2019-01至2021-12
2018,优秀青年科学基金项目,A01,6,21822105,B010305,金属氢化学,朱少林,南京大学,130,2019-01至2021-12
2018,优秀青年科学基金项目,A01,7,41822707,D0709,全新世环境演化,周鑫,中国科学技术大学,130,2019-01至2021-12
2018,优秀青年科学基金项目,A01,8,31822015,C0508,蛋白质生物合成,周小龙,中国科学院上海生命科学研究院,130,2019-01至2021-12
2018,优秀青年科学基金项目,A01,9,61822208,F0205,大规模图像检索,周文罡,中国科学技术大学,130,2019-01至2021-12
2018,优秀青年科学基金项目,A01,10,11822111,A0117,不确定性量化,周涛,中国科学院数学与系统科学研究院,130,2019-01至2021-12
2018,优秀青年科学基金项目,A01,11,81822034,H1621,卵巢肿瘤发生发展分子机制,周圣涛,四川大学,130,2019-01至2021-12
2018,优秀青年科学基金项目,A01,12,81822028,H1904,蝙蝠病毒学,周鹏,中国科学院武汉病毒研究所,130,2019-01至2021-12
2018,优秀青年科学基金项目,A01,13,61822112,F011904,电磁兼容与防护技术,周亮,上海交通大学,130,2019-01至2021-12
2018,优秀青年科学基金项目,A01,14,71822104,G0112,能源服务系统建模与优化,周开乐,合肥工业大学,130,2019-01至2021-12
2018,优秀青年科学基金项目,A01,15,21822806,B080701,合成生物技术与生物系统工程,周景文,江南大学,130,2019-01至2021-12
2018,优秀青年科学基金项目,A01,16,11822101,A010303,几何分析,周斌,北京大学,130,2019-01至2021-12
2018,优秀青年科学基金项目,A01,17,51822105,E010701,磁性材料原子尺度显微结构与自旋构型,钟虓,清华大学,130,2019-01至2021-12
2018,优秀青年科学基金项目,A01,18,31822004,C020407,植物幼苗出土,钟上威,北京大学,130,2019-01至2021-12
2018,优秀青年科学基金项目,A01,19,51822305,E0315,高分子加工中取向结构生成与调控,钟淦基,四川大学,130,2019-01至2021-12
2018,优秀青年科学基金项目,A01,20,61822504,F050910,受控自组装液晶态光学微结构材料,郑致刚,华东理工大学,130,2019-01至2021-12
2018,优秀青年科学基金项目,A01,21,81822023,H1807,生物医学光子学,郑炜,中国科学院深圳先进技术研究院,130,2019-01至2021-12
2018,优秀青年科学基金项目,A01,22,11822110,A010102,算术几何,郑维喆,中国科学院数学与系统科学研究院,130,2019-01至2021-12
2018,优秀青年科学基金项目,A01,23,61822302,F030716,航天器新型惯性执行机构高稳定控制方法及应用,郑世强,北京航空航天大学,130,2019-01至2021-12
2018,优秀青年科学基金项目,A01,24,51822308,E030901,有机光电功能材料,甄永刚,中国科学院化学研究所,130,2019-01至2021-12
2018,优秀青年科学基金项目,A01,25,51822901,E0909,海洋养殖设施水动力学,赵云鹏,大连理工大学,130,2019-01至2021-12
2018,优秀青年科学基金项目,A01,26,61822105,F010902,弹性光网络控制机理,赵永利,北京邮电大学,130,2019-01至2021-12
2018,优秀青年科学基金项目,A01,27,41822203,D0205,矿床学,赵新福,中国地质大学（武汉）,130,2019-01至2021-12
2018,优秀青年科学基金项目,A01,28,61822312,F030305,随机系统的辨识与适应估计,赵文虓,中国科学院数学与系统科学研究院,130,2019-01至2021-12
2018,优秀青年科学基金项目,A01,29,51822307,E0311,受激形变高分子,赵骞,浙江大学,130,2019-01至2021-12
2018,优秀青年科学基金项目,A01,30,81822001,H0801,造血干细胞微环境,赵萌,中山大学,130,2019-01至2021-12
2018,优秀青年科学基金项目,A01,31,21822810,B081002,石油化工,赵亮,中国石油大学（北京）,130,2019-01至2021-12
2018,优秀青年科学基金项目,A01,32,41822705,D0707,污染物的环境地球化学过程,赵建,中国海洋大学,130,2019-01至2021-12
2018,优秀青年科学基金项目,A01,33,61822310,F030704,智能视觉重建与导航,章国锋,浙江大学,130,2019-01至2021-12
2018,优秀青年科学基金项目,A01,34,21822403,B040206,光电分析化学,张中海,华东师范大学,130,2019-01至2021-12
2018,优秀青年科学基金项目,A01,35,81822016,H0912,阿尔茨海默病的发病机制,张振涛,武汉大学,130,2019-01至2021-12
2018,优秀青年科学基金项目,A01,36,31822001,C010202,细菌RNA聚合酶转录调控的分子机制,张余,中国科学院上海生命科学研究院,130,2019-01至2021-12
2018,优秀青年科学基金项目,A01,37,41822401,D0402,地震学,张勇,北京大学,130,2019-01至2021-12
2018,优秀青年科学基金项目,A01,38,61822301,F030403,仿生智能系统的理论、算法及应用,张兴义,安徽大学,130,2019-01至2021-12
2018,优秀青年科学基金项目,A01,39,41822604,D0608,深海环境下的光谱原位探测与定量分析,张鑫,中国科学院海洋研究所,130,2019-01至2021-12
2018,优秀青年科学基金项目,A01,40,81822044,H3101,神经药理学,张翔南,浙江大学,130,2019-01至2021-12
2018,优秀青年科学基金项目,A01,41,61822311,F030104,网络化系统的融合估计与控制,张文安,浙江工业大学,130,2019-01至2021-12
2018,优秀青年科学基金项目,A01,42,81822018,H2501,人类干细胞稳态维持与衰老,张维绮,中国科学院生物物理研究所,130,2019-01至2021-12
2018,优秀青年科学基金项目,A01,43,21822703,B070401,抗生素生物合成中特殊酶学机制研究,张琪,复旦大学,130,2019-01至2021-12
2018,优秀青年科学基金项目,A01,44,51822705,E070702,电力传动系统监测与保护,张品佳,清华大学,130,2019-01至2021-12
2018,优秀青年科学基金项目,A01,45,81822033,H1618,胶质母细胞瘤的发生进展分子机制与诊疗新靶点,张弩,中山大学,130,2019-01至2021-12
2018,优秀青年科学基金项目,A01,46,71822402,G0412,资源可持续发展评估与管理,张宁,暨南大学,130,2019-01至2021-12
2018,优秀青年科学基金项目,A01,47,11822104,A010505,正交多项式与随机矩阵理论,,张仑,复旦大学,130,2019-01至2021-12
2018,优秀青年科学基金项目,A01,48,61822209,F020710,物联网跨域感知及计算理论与技术,张兰,中国科学技术大学,130,2019-01至2021-12
2018,优秀青年科学基金项目,A01,49,51822812,E080404,固体废弃物无害化处置与资源化研究,张佳峰,中南大学,130,2019-01至2021-12
2018,优秀青年科学基金项目,A01,50,51822604,E060702,生物质定向热转化,张会岩,东南大学,130,2019-01至2021-12
2018,优秀青年科学基金项目,A01,51,31822034,C120105,心脏发育与再生,张辉,上海科技大学,130,2019-01至2021-12
2018,优秀青年科学基金项目,A01,52,61822104,F010206,专用无线通信网络资源优化管控,张海君,北京科技大学,130,2019-01至2021-12
2018,优秀青年科学基金项目,A01,53,51822907,E090201,蒸散发尺度效应与时空尺度拓展,张宝忠,中国水利水电科学研究院,130,2019-01至2021-12
2018,优秀青年科学基金项目,A01,54,31822026,C1109,能量代谢的中枢调控机制,占成,北京生命科学研究所,130,2019-01至2021-12
2018,优秀青年科学基金项目,A01,55,61822602,F060107,粒子群优化算法,詹志辉,华南理工大学,130,2019-01至2021-12
2018,优秀青年科学基金项目,A01,56,61822501,F050613,有机半导体微腔激光器,翟天瑞,北京工业大学,130,2019-01至2021-12
2018,优秀青年科学基金项目,A01,57,31822018,C0814,免疫-神经-代谢调控网络,曾文文,清华大学,130,2019-01至2021-12
2018,优秀青年科学基金项目,A01,58,31822021,C100304,组织工程学,曾文,中国人民解放军第三军医大学,130,2019-01至2021-12
2018,优秀青年科学基金项目,A01,59,11822107,A010801,偏微分方程,曾惠慧,清华大学,130,2019-01至2021-12
2018,优秀青年科学基金项目,A01,60,51822303,E030901,有机高分子发光材料,袁望章,上海交通大学,130,2019-01至2021-12
2018,优秀青年科学基金项目,A01,61,81822017,H0918,药物成瘾,袁逖飞,上海市精神卫生中心,130,2019-01至2021-12
2018,优秀青年科学基金项目,A01,62,41822304,D0304,矿床地球化学,袁顺达,中国地质科学院矿产资源研究所,130,2019-01至2021-12
2018,优秀青年科学基金项目,A01,63,31822042,C140106,水稻抗细菌病害分子机制研究,袁猛,华中农业大学,130,2019-01至2021-12
2018,优秀青年科学基金项目,A01,64,51822211,E021002,电池材料与先进表征,禹习谦,中国科学院物理研究所,130,2019-01至2021-12
2018,优秀青年科学基金项目,A01,65,11822302,A030304,引力波电磁对应体和伽玛射线暴,俞云伟,华中师范大学,130,2019-01至2021-12
2018,优秀青年科学基金项目,A01,66,71822403,G0412,节能减排系统建模及政策研究,於世为,中国地质大学（武汉）,130,2019-01至2021-12
2018,优秀青年科学基金项目,A01,67,21822108,B010303,二氧化碳参与的有机合成化学,余达刚,四川大学,130,2019-01至2021-12
2018,优秀青年科学基金项目,A01,68,71822401,G0412,能源与气候政策综合集成分析方法及应用,余碧莹,北京理工大学,130,2019-01至2021-12
2018,优秀青年科学基金项目,A01,69,81822008,H07,胰岛内分泌,于晓,山东大学,130,2019-01至2021-12
2018,优秀青年科学基金项目,A01,70,51822806,E080402,废水电化学处理理论与方法,尤世界,哈尔滨工业大学,130,2019-01至2021-12
2018,优秀青年科学基金项目,A01,71,81822027,H1904,抗病毒抗体,应天雷,复旦大学,130,2019-01至2021-12
2018,优秀青年科学基金项目,A01,72,21822505,B050804,全聚合物太阳电池,应磊,华南理工大学,130,2019-01至2021-12
2018,优秀青年科学基金项目,A01,73,11822409,A040408,基于纠缠的量子通信实验研究,印娟,中国科学技术大学,130,2019-01至2021-12
2018,优秀青年科学基金项目,A01,74,21822402,B040401,高灵敏生物分析及传感,尹斌成,华东理工大学,130,2019-01至2021-12
2018,优秀青年科学基金项目,A01,75,61822115,F011001,量子通信协议研究,银振强,中国科学技术大学,130,2019-01至2021-12
2018,优秀青年科学基金项目,A01,76,51822810,E080509,结构状态监测与安全评估,叶肖伟,浙江大学,130,2019-01至2021-12
2018,优秀青年科学基金项目,A01,77,11822401,A040305,强场多重电离复杂动力学,叶地发,北京应用物理与计算数学研究所,130,2019-01至2021-12
2018,优秀青年科学基金项目,A01,78,51822204,E021402,高压下碳材料的新结构与新性质,姚明光,吉林大学,130,2019-01至2021-12
2018,优秀青年科学基金项目,A01,79,11822410,A040406,强场超快光学,姚金平,中国科学院上海光学精密机械研究所,130,2019-01至2021-12
2018,优秀青年科学基金项目,A01,80,21822805,B080802,染料分子工程,杨有军,华东理工大学,130,2019-01至2021-12
2018,优秀青年科学基金项目,A01,81,51822302,E0310,高分子纳米药物载体,杨显珠,华南理工大学,130,2019-01至2021-12
2018,优秀青年科学基金项目,A01,82,81822036,H1604,脂质与肿瘤免疫,杨魏,南方医科大学,130,2019-01至2021-12
2018,优秀青年科学基金项目,A01,83,61822505,F051214,多模态光声成像,杨思华,华南师范大学,130,2019-01至2021-12
2018,优秀青年科学基金项目,A01,84,51822401,E0414,钢中非金属夹杂物,杨树峰,北京科技大学,130,2019-01至2021-12
2018,优秀青年科学基金项目,A01,85,31822037,C200201,食品酶学,杨绍青,中国农业大学,130,2019-01至2021-12
2018,优秀青年科学基金项目,A01,86,61822510,F051403,微纳光子器件,杨青,浙江大学,130,2019-01至2021-12
2018,优秀青年科学基金项目,A01,87,51822603,E0601,气体水合物相变机制,杨明军,大连理工大学,130,2019-01至2021-12
2018,优秀青年科学基金项目,A01,88,31822022,C1006,功能纳米材料在肿瘤放疗中的应用探索,杨凯,苏州大学,130,2019-01至2021-12
2018,优秀青年科学基金项目,A01,89,51822106,E0105,新型金属基光电能源材料,杨静,天津大学,130,2019-01至2021-12
2018,优秀青年科学基金项目,A01,90,11822508,A050201,量子场论的计算方法,杨刚,中国科学院理论物理研究所,130,2019-01至2021-12
2018,优秀青年科学基金项目,A01,91,61822402,F040204,集成电路设计自动化,杨帆,复旦大学,130,2019-01至2021-12
2018,优秀青年科学基金项目,A01,92,11822109,A010704,微分动力系统,杨大伟,苏州大学,130,2019-01至2021-12
2018,优秀青年科学基金项目,A01,93,11822403,A040309,基于冷原子的量子操控研究,颜辉,华南师范大学,130,2019-01至2021-12
2018,优秀青年科学基金项目,A01,94,71822102,G0119,出行行为复杂性分析与建模,闫小勇,北京交通大学,130,2019-01至2021-12
2018,优秀青年科学基金项目,A01,95,21822501,B050101,插层化学与晶态光功能材料,闫东鹏,北京师范大学,130,2019-01至2021-12
2018,优秀青年科学基金项目,A01,96,71822103,G0111,物流与供应链管理,薛巍立,东南大学,130,2019-01至2021-12
2018,优秀青年科学基金项目,A01,97,31822047,C150701,植物根系发育与养分资源利用,宣伟,南京农业大学,130,2019-01至2021-12
2018,优秀青年科学基金项目,A01,98,11822209,A020316,实验固体力学,宣守虎,中国科学技术大学,130,2019-01至2021-12
2018,优秀青年科学基金项目,A01,99,11822503,A050305,原子核结团物理,许昌,南京大学,130,2019-01至2021-12
2018,优秀青年科学基金项目,A01,100,31822039,C200701,食品安全快速检测技术,徐振林,华南农业大学,130,2019-01至2021-12
2018,优秀青年科学基金项目,A01,101,81822037,H1610,肿瘤放疗与抵抗,徐小洁,中国人民解放军军事科学院军事医学研究院,130,2019-01至2021-12
2018,优秀青年科学基金项目,A01,102,31822057,C190601,水产分子免疫学,徐田军,上海海洋大学,130,2019-01至2021-12
2018,优秀青年科学基金项目,A01,103,61822701,F070103,智能图形学及其应用,徐明亮,郑州大学,130,2019-01至2021-12
2018,优秀青年科学基金项目,A01,104,61822204,F020501,计算机图形学,徐昆,清华大学,130,2019-01至2021-12
2018,优秀青年科学基金项目,A01,105,61822210,F020703,未来网络资源优化分配,徐宏力,中国科学技术大学苏州研究院,130,2019-01至2021-12
2018,优秀青年科学基金项目,A01,106,21822109,B0105,配位合成化学,徐刚,中国科学院福建物质结构研究所,130,2019-01至2021-12
2018,优秀青年科学基金项目,A01,107,61822111,F011702,视频三维重建,徐枫,清华大学,130,2019-01至2021-12
2018,优秀青年科学基金项目,A01,108,61822107,F011304,极化合成孔径雷达信息获取,徐丰,复旦大学,130,2019-01至2021-12
2018,优秀青年科学基金项目,A01,109,21822606,B060501,锕系环境放射化学,徐超,清华大学,130,2019-01至2021-12
2018,优秀青年科学基金项目,A01,110,31822053,C170402,动物繁殖学,熊波,南京农业大学,130,2019-01至2021-12
2018,优秀青年科学基金项目,A01,111,21822603,B060202,水污染控制化学,邢明阳,华东理工大学,130,2019-01至2021-12
2018,优秀青年科学基金项目,A01,112,61822304,F030201,陆军多武器系统协同作战的智能优化,辛斌,北京理工大学,130,2019-01至2021-12
2018,优秀青年科学基金项目,A01,113,21822502,B050104,二维材料的可控制备与新器件,谢黎明,国家纳米科学中心,130,2019-01至2021-12
2018,优秀青年科学基金项目,A01,114,41822106,D010702,全球地表覆盖要素精密遥感提取和可信度评估,谢欢,同济大学,130,2019-01至2021-12
2018,优秀青年科学基金项目,A01,115,31822014,C0508,分泌系统内重要酶及复合物,肖俊宇,北京大学,130,2019-01至2021-12
2018,优秀青年科学基金项目,A01,116,81822003,H0203,炎症与心血管重构,肖晗,北京大学,130,2019-01至2021-12
2018,优秀青年科学基金项目,A01,117,21822305,B030302,分子反应动力学,肖春雷,中国科学院大连化学物理研究所,130,2019-01至2021-12
2018,优秀青年科学基金项目,A01,118,81822048,H2902,中西医结合防治冠心病,项耀祖,同济大学,130,2019-01至2021-12
2018,优秀青年科学基金项目,A01,119,11822208,A020401,湍流理论与数值模拟,夏振华,浙江大学,130,2019-01至2021-12
2018,优秀青年科学基金项目,A01,120,11822103,A011201,非凸优化,夏勇,北京航空航天大学,130,2019-01至2021-12
2018,优秀青年科学基金项目,A01,121,41822201,D0204,俯冲带变质岩石学,夏琼霞,中国科学技术大学,130,2019-01至2021-12
2018,优秀青年科学基金项目,A01,122,81822005,H0215,动脉粥样硬化与代谢性炎症,吴岳,西安交通大学,130,2019-01至2021-12
2018,优秀青年科学基金项目,A01,123,21822504,B0508,新型太阳能电池材料与器件,吴永真,华东理工大学,130,2019-01至2021-12
2018,优秀青年科学基金项目,A01,124,81822030,H0601,脊柱畸形的分子遗传学研究,吴南,中国医学科学院北京协和医院,130,2019-01至2021-12
2018,优秀青年科学基金项目,A01,125,31822048,C040103,进化基因组学,吴东东,中国科学院昆明动物研究所,130,2019-01至2021-12
2018,优秀青年科学基金项目,A01,126,21822404,B040404,生物分析化学,吴川六,厦门大学,130,2019-01至2021-12
2018,优秀青年科学基金项目,A01,127,31822002,C010202,微生物催化,吴边,中国科学院微生物研究所,130,2019-01至2021-12
2018,优秀青年科学基金项目,A01,128,61822305,F030108,基于矩阵方程的控制系统分析与设计,吴爱国,哈尔滨工业大学,130,2019-01至2021-12
2018,优秀青年科学基金项目,A01,129,21822704,B070202,核酸化学生物学研究,翁小成,武汉大学,130,2019-01至2021-12
2018,优秀青年科学基金项目,A01,130,61822303,F0309,仿生软体机器人,文力,北京航空航天大学,130,2019-01至2021-12
2018,优秀青年科学基金项目,A01,131,11822405,A040202,新颖量子自旋态的中子散射研究,温锦生,南京大学,130,2019-01至2021-12
2018,优秀青年科学基金项目,A01,132,61822503,F051206,生物光子学,王著元,东南大学,130,2019-01至2021-12
2018,优秀青年科学基金项目,A01,133,51822804,E080503,钢-混凝土组合结构,王宇航,重庆大学,130,2019-01至2021-12
2018,优秀青年科学基金项目,A01,134,61822308,F030115,人体血糖动态过程的安全控制,王友清,山东科技大学,130,2019-01至2021-12
2018,优秀青年科学基金项目,A01,135,81822049,H2705,中医药防治缺血性心脏病的基础研究,王勇,北京中医药大学,130,2019-01至2021-12
2018,优秀青年科学基金项目,A01,136,81822047,H2803,中药药效物质,王毅,浙江大学,130,2019-01至2021-12
2018,优秀青年科学基金项目,A01,137,11822404,A040211,物质结构预测方法及应用,王彦超,吉林大学,130,2019-01至2021-12
2018,优秀青年科学基金项目,A01,138,61822403,F040508,新型自旋电子材料与器件,王学锋,南京大学,130,2019-01至2021-12
2018,优秀青年科学基金项目,A01,139,81822014,H0902,认知障碍疾病的分子机理,王鑫,厦门大学,130,2019-01至2021-12
2018,优秀青年科学基金项目,A01,140,41822206,D0213,数学地质,王文磊,中国地质科学院地质力学研究所,130,2019-01至2021-12
2018,优秀青年科学基金项目,A01,141,31822020,C100304,心肌组织工程,王玮,天津大学,130,2019-01至2021-12
2018,优秀青年科学基金项目,A01,142,41822703,D0703,大气氧化过程及其环境效应,王炜罡,中国科学院化学研究所,130,2019-01至2021-12
2018,优秀青年科学基金项目,A01,143,41822502,D0507,古气候和年代际气候变化机制研究,王涛,中国科学院大气物理研究所,130,2019-01至2021-12
2018,优秀青年科学基金项目,A01,144,11822406,A040407,多波段宽带消色差超构表面成像研究,王漱明,南京大学,130,2019-01至2021-12
2018,优秀青年科学基金项目,A01,145,51822807,E080505,绿色混凝土,王强,清华大学,130,2019-01至2021-12
2018,优秀青年科学基金项目,A01,146,61822207,F020602,云计算数据安全,王骞,武汉大学,130,2019-01至2021-12
2018,优秀青年科学基金项目,A01,147,81822039,H2610,肿瘤分子流行病学,王美林,南京医科大学,130,2019-01至2021-12
2018,优秀青年科学基金项目,A01,148,21822203,B020103,多相催化选择性调控的新策略,王亮,浙江大学,130,2019-01至2021-12
2018,优秀青年科学基金项目,A01,149,11822201,A020501,损伤与康复生物力学,王丽珍,北京航空航天大学,130,2019-01至2021-12
2018,优秀青年科学基金项目,A01,150,81822042,H3002,天然药物化学,王磊,暨南大学,130,2019-01至2021-12
2018,优秀青年科学基金项目,A01,151,51822206,E020402,无铅压电功能陶瓷材料,王轲,清华大学,130,2019-01至2021-12
2018,优秀青年科学基金项目,A01,152,51822706,E07,能源存储关键材料与器件研究,王凯,中国科学院电工研究所,130,2019-01至2021-12
2018,优秀青年科学基金项目,A01,153,81822020,H1005,中性粒细胞在慢性炎症中的多维动态,王静,上海交通大学,130,2019-01至2021-12
2018,优秀青年科学基金项目,A01,154,31822051,C040603,昆虫虫媒共生菌与病原体,王敬文,复旦大学,130,2019-01至2021-12
2018,优秀青年科学基金项目,A01,155,61822604,F0602,大规模机器学习优化算法,王杰,中国科学技术大学,130,2019-01至2021-12
2018,优秀青年科学基金项目,A01,156,81822029,H2005,肝癌肿瘤标志物的开发与验证,王佳谊,同济大学,130,2019-01至2021-12
2018,优秀青年科学基金项目,A01,157,51822201,E020801,可持续的储能材料与器件,王华,北京航空航天大学,130,2019-01至2021-12
2018,优秀青年科学基金项目,A01,158,61822114,F0110,量子信息学,王洪福,延边大学,130,2019-01至2021-12
2018,优秀青年科学基金项目,A01,159,41822706,D0707,典型污染物的环境地球化学行为,王飞,北京科技大学,130,2019-01至2021-12
2018,优秀青年科学基金项目,A01,160,81822006,H0314,非酒精性脂肪性肝病的机制研究,王春炅,天津医科大学,130,2019-01至2021-12
2018,优秀青年科学基金项目,A01,161,31822008,C160301,木材仿生智能化,王成毓,东北林业大学,130,2019-01至2021-12
2018,优秀青年科学基金项目,A01,162,81822032,H1617,胃癌发生机制,王斌,中国人民解放军第三军医大学,130,2019-01至2021-12
2018,优秀青年科学基金项目,A01,163,61822509,F0506,混沌激光理论与应用,王安帮,太原理工大学,130,2019-01至2021-12
2018,优秀青年科学基金项目,A01,164,61822404,F0403,GaN基半导体光电子器件,汪莱,清华大学,130,2019-01至2021-12
2018,优秀青年科学基金项目,A01,165,61822201,F020204,数据库与数据工程,童咏昕,北京航空航天大学,130,2019-01至2021-12
2018,优秀青年科学基金项目,A01,166,61822101,F010402,智能车联网系统,田大新,北京航空航天大学,130,2019-01至2021-12
2018,优秀青年科学基金项目,A01,167,11822202,A0204,气相爆轰波,滕宏辉,北京理工大学,130,2019-01至2021-12
2018,优秀青年科学基金项目,A01,168,61822406,F040810,瞬态可溶电子学,陶虎,中国科学院上海微系统与信息技术研究所,130,2019-01至2021-12
2018,优秀青年科学基金项目,A01,169,51822210,E0210,新型双离子电池及其电极材料研究,唐永炳,中国科学院深圳先进技术研究院,130,2019-01至2021-12
2018,优秀青年科学基金项目,A01,170,11822408,A040408,量子光学与量子信息,唐建顺,中国科学技术大学,130,2019-01至2021-12
2018,优秀青年科学基金项目,A01,171,51822905,E0905,流域农业节水环境效应模拟与决策模型,谭倩,中国农业大学,130,2019-01至2021-12
2018,优秀青年科学基金项目,A01,172,61822106,F012302,敏感薄膜与传感器技术研究,太惠玲,电子科技大学,130,2019-01至2021-12
2018,优秀青年科学基金项目,A01,173,21822602,B060501,环境放射化学,孙玉兵,华北电力大学,130,2019-01至2021-12
2018,优秀青年科学基金项目,A01,174,81822012,H1401,硬组织生物矿化,,孙瑶,同济大学,130,2019-01至2021-12
2018,优秀青年科学基金项目,A01,175,51822301,E030901,有机自旋电子学,孙向南,国家纳米科学中心,130,2019-01至2021-12
2018,优秀青年科学基金项目,A01,176,31822028,C060608,R-loop生物学,孙前文,清华大学,130,2019-01至2021-12
2018,优秀青年科学基金项目,A01,177,21822107,B010205,纳米银簇,孙頔,山东大学,130,2019-01至2021-12
2018,优秀青年科学基金项目,A01,178,51822601,E060202,航空推进系统流动稳定性,孙大坤,北京航空航天大学,130,2019-01至2021-12
2018,优秀青年科学基金项目,A01,179,51822107,E010301,非晶态合金的力学变形,孙保安,中国科学院物理研究所,130,2019-01至2021-12
2018,优秀青年科学基金项目,A01,180,51822405,E041603,高熔化熵难熔材料的熔化、凝固过程与控制,苏海军,西北工业大学,130,2019-01至2021-12
2018,优秀青年科学基金项目,A01,181,51822406,E0407,油气井流体力学与工程,宋先知,中国石油大学（北京）,130,2019-01至2021-12
2018,优秀青年科学基金项目,A01,182,81822024,H1818,DNA智能载药系统,宋杰,上海交通大学,130,2019-01至2021-12
2018,优秀青年科学基金项目,A01,183,81822011,H1304,感音神经性耳聋干预研究,舒易来,复旦大学,130,2019-01至2021-12
2018,优秀青年科学基金项目,A01,184,11822301,A030203,活动星系核结构和宇宙早期星系,舒新文,安徽师范大学,130,2019-01至2021-12
2018,优秀青年科学基金项目,A01,185,21822808,B080404,吸附分离材料,石琪,太原理工大学,130,2019-01至2021-12
2018,优秀青年科学基金项目,A01,186,31822046,C1504,蔬菜抗病性的环境响应机制与调控,师恺,浙江大学,130,2019-01至2021-12
2018,优秀青年科学基金项目,A01,187,31822056,C180501,禽流感病毒进化生物学,沈永义,华南农业大学,130,2019-01至2021-12
2018,优秀青年科学基金项目,A01,188,61822309,F031014,多源人机行为分析的身份安全认证,沈超,西安交通大学,130,2019-01至2021-12
2018,优秀青年科学基金项目,A01,189,41822405,D041004,空间物理,申成龙,中国科学技术大学,130,2019-01至2021-12
2018,优秀青年科学基金项目,A01,190,31822054,C1804,兽医寄生虫学,申邦,华中农业大学,130,2019-01至2021-12
2018,优秀青年科学基金项目,A01,191,11822102,A0117,计算量子力学,邵嗣烘,北京大学,130,2019-01至2021-12
2018,优秀青年科学基金项目,A01,192,81822019,H0425,女性不孕与辅助生殖,桑庆,复旦大学,130,2019-01至2021-12
2018,优秀青年科学基金项目,A01,193,31822029,C060702,基因组分析算法及工具,阮珏,中国农业科学院农业基因组研究所,130,2019-01至2021-12
2018,优秀青年科学基金项目,A01,194,81822007,H0502,遗传性肾脏疾病的分子机制,饶佳,复旦大学,130,2019-01至2021-12
2018,优秀青年科学基金项目,A01,195,21822407,B040102,色谱分析,邱洪灯,中国科学院兰州化学物理研究所,130,2019-01至2021-12
2018,优秀青年科学基金项目,A01,196,31822058,C190602,低抗和无抗控制水产耐药菌的应用基础研究,彭博,中山大学,130,2019-01至2021-12
2018,优秀青年科学基金项目,A01,197,31822032,C0704,基因组稳定性与肿瘤发生,裴华东,北京蛋白质组研究中心,130,2019-01至2021-12
2018,优秀青年科学基金项目,A01,198,51822209,E021001,半导体材料与光伏器件,逄淑平,中国科学院青岛生物能源与过程研究所,130,2019-01至2021-12
2018,优秀青年科学基金项目,A01,199,21822705,B0702,蛋白-蛋白相互作用和蛋白-小分子相互作用的机制研究,,潘李锋,中国科学院上海有机化学研究所,130,2019-01至2021-12
2018,优秀青年科学基金项目,A01,200,21822807,B080401,分子印迹选择性分离,潘建明,江苏大学,130,2019-01至2021-12
2018,优秀青年科学基金项目,A01,201,51822205,E020603,碳纳米材料与储能器件,牛志强,南开大学,130,2019-01至2021-12
2018,优秀青年科学基金项目,A01,202,71822202,G021101,供应链竞合管理,牛保庄,华南理工大学,130,2019-01至2021-12
2018,优秀青年科学基金项目,A01,203,31822041,C140102,植物真菌病害,宁约瑟,中国农业科学院植物保护研究所,130,2019-01至2021-12
2018,优秀青年科学基金项目,A01,204,51822508,E050501,机械表面/界面科学,莫继良,西南交通大学,130,2019-01至2021-12
2018,优秀青年科学基金项目,A01,205,21822605,B060106,纳米环境化学,缪爱军,南京大学,130,2019-01至2021-12
2018,优秀青年科学基金项目,A01,206,41822501,D0502,陆气相互作用,孟宪红,中国科学院寒区旱区环境与工程研究所,130,2019-01至2021-12
2018,优秀青年科学基金项目,A01,207,71822301,G0302,行为经济学,孟涓涓,北京大学,130,2019-01至2021-12
2018,优秀青年科学基金项目,A01,208,51822306,E031002,生物医用高分子纳米材料,毛峥伟,浙江大学,130,2019-01至2021-12
2018,优秀青年科学基金项目,A01,209,21822302,B030702,高分子界面结构的理论和模拟研究,满兴坤,北京航空航天大学,130,2019-01至2021-12
2018,优秀青年科学基金项目,A01,210,51822404,E0417,金属活化低温烧结,马宗青,天津大学,130,2019-01至2021-12
2018,优秀青年科学基金项目,A01,211,31822010,C1605,根系生物学,马泽清,中国科学院地理科学与资源研究所,130,2019-01至2021-12
2018,优秀青年科学基金项目,A01,212,11822203,A0206,计算爆炸力学,马天宝,北京理工大学,130,2019-01至2021-12
2018,优秀青年科学基金项目,A01,213,51822703,E070403,电力系统保护与控制,马静,华北电力大学,130,2019-01至2021-12
2018,优秀青年科学基金项目,A01,214,31822045,C1503,观赏作物成花机理与品质调控,马超,中国农业大学,130,2019-01至2021-12
2018,优秀青年科学基金项目,A01,215,11822502,A050103,非线性腔光力学,吕新友,华中科技大学,130,2019-01至2021-12
2018,优秀青年科学基金项目,A01,216,31822006,C030603,生态系统生态学,吕晓涛,中国科学院沈阳应用生态研究所,130,2019-01至2021-12
2018,优秀青年科学基金项目,A01,217,11822506,A050202,粒子物理实验粲物理研究,吕晓睿,中国科学院大学,130,2019-01至2021-12
2018,优秀青年科学基金项目,A01,218,21822503,B050804,有机光伏材料的分子设计和结晶性调控,吕琨,国家纳米科学中心,130,2019-01至2021-12
2018,优秀青年科学基金项目,A01,219,51822202,E020301,高活性介孔粉体的可控制备及应用探索,罗维,东华大学,130,2019-01至2021-12
2018,优秀青年科学基金项目,A01,220,21822101,B010306,天然产物全合成和化学生物学研究,罗佗平,北京大学,130,2019-01至2021-12
2018,优秀青年科学基金项目,A01,221,11822411,A0402,非常规超导材料的中子散射研究,罗会仟,中国科学院物理研究所,130,2019-01至2021-12
2018,优秀青年科学基金项目,A01,222,81822045,H3106,蛋白类抗感染药物药理,陆路,复旦大学,130,2019-01至2021-12
2018,优秀青年科学基金项目,A01,223,21822103,B010305,绿色合成与不对称催化反应,陆良秋,华中师范大学,130,2019-01至2021-12
2018,优秀青年科学基金项目,A01,224,71822303,G0302,随机实地实验和行为经济学,陆方文,中国人民大学,130,2019-01至2021-12
2018,优秀青年科学基金项目,A01,225,41822504,D0514,云雾物理及其参数化,陆春松,南京信息工程大学,130,2019-01至2021-12
2018,优秀青年科学基金项目,A01,226,61822603,F060302,视觉模式分析与识别,鲁继文,清华大学,130,2019-01至2021-12
2018,优秀青年科学基金项目,A01,227,81822031,H1617,消化道肿瘤,卢瑗瑗,中国人民解放军第四军医大学,130,2019-01至2021-12
2018,优秀青年科学基金项目,A01,228,51822402,E041603,共晶高熵合金成分设计、组织调控和凝固成型,卢一平,大连理工大学,130,2019-01至2021-12
2018,优秀青年科学基金项目,A01,229,21822509,B050801,水系电化学储能材料与器件,卢锡洪,中山大学,130,2019-01至2021-12
2018,优秀青年科学基金项目,A01,230,21822406,B040304,生物大分子核磁共振波谱学,龙冬,中国科学技术大学,130,2019-01至2021-12
2018,优秀青年科学基金项目,A01,231,51822101,E010501,功能金属间化合物电性磁性的电场调控,刘知琪,北京航空航天大学,130,2019-01至2021-12
2018,优秀青年科学基金项目,A01,232,31822011,C161002,林木基因家族的比较功能基因组学,刘妍婧,中国林业科学研究院,130,2019-01至2021-12
2018,优秀青年科学基金项目,A01,233,11822106,A011003,随机偏微分方程理论,刘伟,江苏师范大学,130,2019-01至2021-12
2018,优秀青年科学基金项目,A01,234,11822304,A030304,黑洞吸积与伽玛射线暴,刘彤,厦门大学,130,2019-01至2021-12
2018,优秀青年科学基金项目,A01,235,31822031,C0704,DNA损伤修复,刘婷,浙江大学,130,2019-01至2021-12
2018,优秀青年科学基金项目,A01,236,21822608,B060101,环境分析化学,刘睿,中国科学院生态环境研究中心,130,2019-01至2021-12
2018,优秀青年科学基金项目,A01,237,81822009,H0716,遗传变异、肠道菌群与肥胖,刘瑞欣,上海交通大学,130,2019-01至2021-12
2018,优秀青年科学基金项目,A01,238,21822106,B010303,金属有机化学与催化,刘强,清华大学,130,2019-01至2021-12
2018,优秀青年科学基金项目,A01,239,51822501,E0511,精密测量方法与技术,刘磊,东南大学,130,2019-01至2021-12
2018,优秀青年科学基金项目,A01,240,21822508,B050106,分子磁体,刘俊良,中山大学,130,2019-01至2021-12
2018,优秀青年科学基金项目,A01,241,81822040,H2612,病毒感染的特异T细胞免疫,刘军,中国疾病预防控制中心病毒病预防控制所,130,2019-01至2021-12
2018,优秀青年科学基金项目,A01,242,41822301,D0301,放射性同位素地球化学,刘金高,中国地质大学（北京）,130,2019-01至2021-12
2018,优秀青年科学基金项目,A01,243,11822108,A010704,哈密顿动力系统,刘建军,四川大学,130,2019-01至2021-12
2018,优秀青年科学基金项目,A01,244,51822906,E0901,基于陆气耦合的流域水文模拟与预报,刘佳,中国水利水电科学研究院,130,2019-01至2021-12
2018,优秀青年科学基金项目,A01,245,31822040,C200701,食品安全检测,刘慧琳,北京工商大学,130,2019-01至2021-12
2018,优秀青年科学基金项目,A01,246,21822802,B080704,生物化工,刘惠玉,北京化工大学,130,2019-01至2021-12
2018,优秀青年科学基金项目,A01,247,41822505,D0509,交通运输源排放表征及多尺度大气环境影响,刘欢,清华大学,130,2019-01至2021-12
2018,优秀青年科学基金项目,A01,248,81822038,H1104,麻风发病的分子机制研究,刘红,山东省医学科学院,130,2019-01至2021-12
2018,优秀青年科学基金项目,A01,249,51822605,E060605,燃烧诊断与调控,刘冬,南京理工大学,130,2019-01至2021-12
2018,优秀青年科学基金项目,A01,250,31822009,C160401,新型林木生物质热固性高分子材料,刘承果,中国林业科学研究院林产化学工业研究所,130,2019-01至2021-12
2018,优秀青年科学基金项目,A01,251,61822507,F0503,融合光通信技术,刘博,南京信息工程大学,130,2019-01至2021-12
2018,优秀青年科学基金项目,A01,252,61822306,F030508,生物信息学,刘滨,哈尔滨工业大学,130,2019-01至2021-12
2018,优秀青年科学基金项目,A01,253,81822026,H2101,航天失重所致机体损伤及调控机制,凌树宽,中国航天员科研训练中心,130,2019-01至2021-12
2018,优秀青年科学基金项目,A01,254,21822607,B060202,污染物界面微观成像,凌岚,同济大学,130,2019-01至2021-12
2018,优秀青年科学基金项目,A01,255,31822019,C1002,纳米递送系统,凌代舜,浙江大学,130,2019-01至2021-12
2018,优秀青年科学基金项目,A01,256,41822704,D0217,微生物矿化与地质微生物,林巍,中国科学院地质与地球物理研究所,130,2019-01至2021-12
2018,优秀青年科学基金项目,A01,257,31822027,C111101,营养感应信号通路的生理功能和作用机制,林舒勇,厦门大学,130,2019-01至2021-12
2018,优秀青年科学基金项目,A01,258,51822908,E090102,变化环境下水文模拟与预测,林凯荣,中山大学,130,2019-01至2021-12
2018,优秀青年科学基金项目,A01,259,81822010,H1202,先天性白内障与晶状体干细胞再生,林浩添,中山大学,130,2019-01至2021-12
2018,优秀青年科学基金项目,A01,260,31822003,C020101,细胞骨架与植物形态建成,林德书,福建农林大学,130,2019-01至2021-12
2018,优秀青年科学基金项目,A01,261,21822809,B0806,过程系统集成,廖祖维,浙江大学,130,2019-01至2021-12
2018,优秀青年科学基金项目,A01,262,11822501,A050103,量子物理及其应用,廖洁桥,湖南师范大学,130,2019-01至2021-12
2018,优秀青年科学基金项目,A01,263,51822504,E050702,仿生结构与功能材料制造,梁云虹,吉林大学,130,2019-01至2021-12
2018,优秀青年科学基金项目,A01,264,81822022,H1805,超声增效的肿瘤纳米药物递送系统,梁晓龙,北京大学,130,2019-01至2021-12
2018,优秀青年科学基金项目,A01,265,81822050,H2710,中医药防治关节炎的应用基础研究,梁倩倩,上海中医药大学,130,2019-01至2021-12
2018,优秀青年科学基金项目,A01,266,61822205,F020701,云计算内容分发的基础结构与关键技术,李振华,清华大学,130,2019-01至2021-12
2018,优秀青年科学基金项目,A01,267,41822708,D0710,古气候学,李育,兰州大学,130,2019-01至2021-12
2018,优秀青年科学基金项目,A01,268,61822103,F012010,毫米波天线与阵列,李雨键,北京交通大学,130,2019-01至2021-12
2018,优秀青年科学基金项目,A01,269,51822702,E070402,交直流混合电力系统电能优化与控制,李勇,湖南大学,130,2019-01至2021-12
2018,优秀青年科学基金项目,A01,270,61822307,F031001,不确定非线性系统模糊自适应控制,李永明,辽宁工业大学,130,2019-01至2021-12
2018,优秀青年科学基金项目,A01,271,61822511,F0502,微纳光学,李雄,中国科学院光电技术研究所,130,2019-01至2021-12
2018,优秀青年科学基金项目,A01,272,21822201,B020304,分子组装体的表/界面性质及协同效应,李文,吉林大学,130,2019-01至2021-12
2018,优秀青年科学基金项目,A01,273,11822207,A020306,新型软材料的力学,李铁风,浙江大学,130,2019-01至2021-12
2018,优秀青年科学基金项目,A01,274,51822606,E0603,相变传热的协同强化与介观模型,李庆,中南大学,130,2019-01至2021-12
2018,优秀青年科学基金项目,A01,275,51822503,E0512,微纳结构设计与控制,李隆球,哈尔滨工业大学,130,2019-01至2021-12
2018,优秀青年科学基金项目,A01,276,31822033,C120404,发育生物学,李礼,西南大学,130,2019-01至2021-12
2018,优秀青年科学基金项目,A01,277,21822803,B081005,能源电化学工程,李莉,重庆大学,130,2019-01至2021-12
2018,优秀青年科学基金项目,A01,278,21822401,B0404,化学测量学,李乐乐,国家纳米科学中心,130,2019-01至2021-12
2018,优秀青年科学基金项目,A01,279,41822205,D021101,大陆变形与动力学,李建华,中国地质科学院地质力学研究所,130,2019-01至2021-12
2018,优秀青年科学基金项目,A01,280,61822203,F020101,理论计算机科学,李建,清华大学,130,2019-01至2021-12
2018,优秀青年科学基金项目,A01,281,51822704,E0708,高储能密度电容器技术,李化,华中科技大学,130,2019-01至2021-12
2018,优秀青年科学基金项目,A01,282,51822701,E0706,电力电子系统电磁兼容,,李虹,北京交通大学,130,2019-01至2021-12
2018,优秀青年科学基金项目,A01,283,51822602,E060303,航空发动机涡轮叶片冷却,李海旺,北京航空航天大学,130,2019-01至2021-12
2018,优秀青年科学基金项目,A01,284,21822506,B050803,材料化学与先进电池,李福军,南开大学,130,2019-01至2021-12
2018,优秀青年科学基金项目,A01,285,81822015,H0906,卒中后血管新生的调控及机制,李芳菲,中国人民解放军第三军医大学,130,2019-01至2021-12
2018,优秀青年科学基金项目,A01,286,71822101,G0113,复杂系统的可靠性管理,李大庆,北京航空航天大学,130,2019-01至2021-12
2018,优秀青年科学基金项目,A01,287,11822113,A010901,数学物理,李长征,中山大学,130,2019-01至2021-12
2018,优秀青年科学基金项目,A01,288,51822507,E050602,机械结构生成式设计,李宝童,西安交通大学,130,2019-01至2021-12
2018,优秀青年科学基金项目,A01,289,11822112,A010303,数学广义相对论,黎俊彬,中山大学,130,2019-01至2021-12
2018,优秀青年科学基金项目,A01,290,11822412,A040202,铁基和低维关联电子体系,雷和畅,中国人民大学,130,2019-01至2021-12
2018,优秀青年科学基金项目,A01,291,41822403,D041002,电离层空间天气,乐会军,中国科学院地质与地球物理研究所,130,2019-01至2021-12
2018,优秀青年科学基金项目,A01,292,21822303,B030604,理论有机化学,蓝宇,重庆大学,130,2019-01至2021-12
2018,优秀青年科学基金项目,A01,293,31822044,C150103,果树发育生物学,康春颖,华中农业大学,130,2019-01至2021-12
2018,优秀青年科学基金项目,A01,294,61822601,F060504,高维数据表示,景丽萍,北京交通大学,130,2019-01至2021-12
2018,优秀青年科学基金项目,A01,295,41822601,D0601,海洋能量串级机理与混合参数化,荆钊,中国海洋大学,130,2019-01至2021-12
2018,优秀青年科学基金项目,A01,296,31822017,C0801,分子免疫学,靳津,浙江大学,130,2019-01至2021-12
2018,优秀青年科学基金项目,A01,297,51822902,E091002,舰船振动噪声控制,靳国永,哈尔滨工程大学,130,2019-01至2021-12
2018,优秀青年科学基金项目,A01,298,51822801,E0805,多灾害作用下混凝土及混凝土构件性能研究,金浏,北京工业大学,130,2019-01至2021-12
2018,优秀青年科学基金项目,A01,299,51822505,E050502,机械润滑界面行为与控制,解国新,清华大学,130,2019-01至2021-12
2018,优秀青年科学基金项目,A01,300,81822035,H1602,肿瘤发生的细胞信号转导机制,焦石,中国科学院上海生命科学研究院,130,2019-01至2021-12
2018,优秀青年科学基金项目,A01,301,21822304,B030603,机理研究指导的新反应、新催化剂设计,焦雷,清华大学,130,2019-01至2021-12
2018,优秀青年科学基金项目,A01,302,11822402,A040308,激光频率精密控制,蒋燕义,华东师范大学,130,2019-01至2021-12
2018,优秀青年科学基金项目,A01,303,21822104,B0106,新型大环主体分子的超分子化学,蒋伟,南方科技大学,130,2019-01至2021-12
2018,优秀青年科学基金项目,A01,304,21822301,B030606,分子磁学,蒋尚达,北京大学,130,2019-01至2021-12
2018,优秀青年科学基金项目,A01,305,61822108,F012405,复杂疾病的生物信息处理与分析,蒋庆华,哈尔滨工业大学,130,2019-01至2021-12
2018,优秀青年科学基金项目,A01,306,31822052,C170303,羊的基因组学与分子育种,姜雨,西北农林科技大学,130,2019-01至2021-12
2018,优秀青年科学基金项目,A01,307,21822202,B0203,静电作用调控基底表面胶体粒子的精准组装,江林,苏州大学,130,2019-01至2021-12
2018,优秀青年科学基金项目,A01,308,11822206,A020308,纳米力学,江进武,上海大学,130,2019-01至2021-12
2018,优秀青年科学基金项目,A01,309,11822407,A040215,凝聚态材料中拓扑态的理论研究,江华,苏州大学,130,2019-01至2021-12
2018,优秀青年科学基金项目,A01,310,41822404,D041004,太阳爆发数值模式,江朝伟,哈尔滨工业大学,130,2019-01至2021-12
2018,优秀青年科学基金项目,A01,311,21822702,B070304,化学生物学,贾桂芳,北京大学,130,2019-01至2021-12
2018,优秀青年科学基金项目,A01,312,51822903,E0906,水力机械空化水动力学,季斌,武汉大学,130,2019-01至2021-12
2018,优秀青年科学基金项目,A01,313,81822041,H3001,一氧化氮供体型药物研究,黄张建,中国药科大学,130,2019-01至2021-12
2018,优秀青年科学基金项目,A01,314,61822202,F020601,同态数据认证,黄欣沂,福建师范大学,130,2019-01至2021-12
2018,优秀青年科学基金项目,A01,315,31822007,C031302,生物入侵与生态安全,黄伟,中国科学院武汉植物园,130,2019-01至2021-12
2018,优秀青年科学基金项目,A01,316,61822407,F0404,GaN基功率电子器件,黄森,中国科学院微电子研究所,130,2019-01至2021-12
2018,优秀青年科学基金项目,A01,317,61822401,F040607,新型超低功耗微纳电子器件,黄芊芊,北京大学,130,2019-01至2021-12
2018,优秀青年科学基金项目,A01,318,11822204,A020301,多尺度塑性和损伤力学,黄敏生,华中科技大学,130,2019-01至2021-12
2018,优秀青年科学基金项目,A01,319,11822105,A010503,拟共形映射与Gromov双曲理论,黄曼子,湖南师范大学,130,2019-01至2021-12
2018,优秀青年科学基金项目,A01,320,51822103,E010201,非连续增强钛基复合材料组织调控与强韧化机理,黄陆军,哈尔滨工业大学,130,2019-01至2021-12
2018,优秀青年科学基金项目,A01,321,41822709,D0713,污染物风险评估与调控研究,黄蕾,南京大学,130,2019-01至2021-12
2018,优秀青年科学基金项目,A01,322,61822405,F040408,有机晶体管化学传感器,黄佳,同济大学,130,2019-01至2021-12
2018,优秀青年科学基金项目,A01,323,51822208,E020603,二维碳材料石墨炔,黄长水,中国科学院青岛生物能源与过程研究所,130,2019-01至2021-12
2018,优秀青年科学基金项目,A01,324,31822050,C0408,动物保护遗传学与基因组学,胡义波,中国科学院动物研究所,130,2019-01至2021-12
2018,优秀青年科学基金项目,A01,325,41822702,D0705,大型滑坡成因机理实验研究,胡伟,成都理工大学,130,2019-01至2021-12
2018,优秀青年科学基金项目,A01,326,21822102,B010401,高分子合成化学,胡蓉蓉,华南理工大学,130,2019-01至2021-12
2018,优秀青年科学基金项目,A01,327,51822104,E010504,高容量金属基储锂电极材料,胡仁宗,华南理工大学,130,2019-01至2021-12
2018,优秀青年科学基金项目,A01,328,31822025,C090301,疼痛的认知神经科学,胡理,中国科学院心理研究所,130,2019-01至2021-12
2018,优秀青年科学基金项目,A01,329,31822043,C140201,雷达昆虫学,胡高,南京农业大学,130,2019-01至2021-12
2018,优秀青年科学基金项目,A01,330,71822203,G0204,组织薪酬分配与员工激励,贺伟,南京大学,130,2019-01至2021-12
2018,优秀青年科学基金项目,A01,331,51822803,E080802,桥梁风致振动理论与试验技术,韩艳,长沙理工大学,130,2019-01至2021-12
2018,优秀青年科学基金项目,A01,332,21822604,B060306,有机污染物人体暴露与源解析,郭英,暨南大学,130,2019-01至2021-12
2018,优秀青年科学基金项目,A01,333,81822046,H2801,中药资源学,郭娟,中国中医科学院中药研究所,130,2019-01至2021-12
2018,优秀青年科学基金项目,A01,334,31822035,C120202,生殖生物学,郭帆,四川大学,130,2019-01至2021-12
2018,优秀青年科学基金项目,A01,335,31822030,C060703,复杂疾病生物信息学研究,郭安源,华中科技大学,130,2019-01至2021-12
2018,优秀青年科学基金项目,A01,336,51822809,E0806,岩土与基础工程,顾晓强,同济大学,130,2019-01至2021-12
2018,优秀青年科学基金项目,A01,337,51822207,E0213,纳米生物材料,谷战军,中国科学院高能物理研究所,130,2019-01至2021-12
2018,优秀青年科学基金项目,A01,338,41822701,D070106,农业氮循环,谷保静,浙江大学,130,2019-01至2021-12
2018,优秀青年科学基金项目,A01,339,11822305,A030102,宇宙大尺度结构、强度映射巡天、暗物质和暗能量模型、宇宙红外背景,巩岩,中国科学院国家天文台,130,2019-01至2021-12
2018,优秀青年科学基金项目,A01,340,81822025,H1818,针对肿瘤治疗的自组装基因、疫苗和药物载体,巩长旸,四川大学,130,2019-01至2021-12
2018,优秀青年科学基金项目,A01,341,11822205,A020203,航天器/天体轨道动力学,龚胜平,清华大学,130,2019-01至2021-12
2018,优秀青年科学基金项目,A01,342,41822605,D0615,冰芯同位素地球化学,耿雷,中国科学技术大学,130,2019-01至2021-12
2018,优秀青年科学基金项目,A01,343,81822043,H3004,肿瘤免疫与多肽药物,高艳锋,郑州大学,130,2019-01至2021-12
2018,优秀青年科学基金项目,A01,344,51822403,E0409,深部原位岩石力学,高明忠,四川大学,130,2019-01至2021-12
2018,优秀青年科学基金项目,A01,345,41822105,D0106,合成孔径雷达目标检测,高贵,西南交通大学,130,2019-01至2021-12
2018,优秀青年科学基金项目,A01,346,41822103,D010107,半干旱区土壤-水文-植被相互作用,高光耀,中国科学院生态环境研究中心,130,2019-01至2021-12
2018,优秀青年科学基金项目,A01,347,61822206,F020710,物联网信息传输与优化,傅洛伊,上海交通大学,130,2019-01至2021-12
2018,优秀青年科学基金项目,A01,348,31822012,C0508,酶的结构与功能,冯越,北京化工大学,130,2019-01至2021-12
2018,优秀青年科学基金项目,A01,349,61822110,F012005,微波电路与器件,冯文杰,南京理工大学,130,2019-01至2021-12
2018,优秀青年科学基金项目,A01,350,61822109,F011603,多媒体内容分析与质量评价,方玉明,江西财经大学,130,2019-01至2021-12
2018,优秀青年科学基金项目,A01,351,31822036,C130506,棉花基因组学和分子遗传育种,方磊,浙江大学,130,2019-01至2021-12
2018,优秀青年科学基金项目,A01,352,41822101,D010102,树木年轮与气候变化,方克艳,福建师范大学,130,2019-01至2021-12
2018,优秀青年科学基金项目,A01,353,31822049,C040302,灵长类行为与保护,范朋飞,中山大学,130,2019-01至2021-12
2018,优秀青年科学基金项目,A01,354,11822303,A030202,星系的结构与演化,范璐璐,山东大学,130,2019-01至2021-12
2018,优秀青年科学基金项目,A01,355,31822038,C200504,食品微波加工技术基础,范大明,江南大学,130,2019-01至2021-12
2018,优秀青年科学基金项目,A01,356,31822024,C090301,言语认知的神经机制,杜忆,中国科学院心理研究所,130,2019-01至2021-12
2018,优秀青年科学基金项目,A01,357,21822408,B040105,微流控微生物组分析,杜文斌,中国科学院微生物研究所,130,2019-01至2021-12
2018,优秀青年科学基金项目,A01,358,21822804,B080802,多功能颜色纳微粒子绿色构建及应用,杜健军,大连理工大学,130,2019-01至2021-12
2018,优秀青年科学基金项目,A01,359,51822802,E080703,路网交通复杂行为认知,杜博文,北京航空航天大学,130,2019-01至2021-12
2018,优秀青年科学基金项目,A01,360,61822113,F011304,高光谱遥感图像处理,杜博,武汉大学,130,2019-01至2021-12
2018,优秀青年科学基金项目,A01,361,71822201,G0210,信息产品的定价策略研究,窦一凡,复旦大学,130,2019-01至2021-12
2018,优秀青年科学基金项目,A01,362,21822507,B050205,硼氮配位键n-型有机高分子半导体,窦传冬,中国科学院长春应用化学研究所,130,2019-01至2021-12
2018,优秀青年科学基金项目,A01,363,21822701,B070201,基于蛋白质化学合成的化学生物学研究,董甦伟,北京大学,130,2019-01至2021-12
2018,优秀青年科学基金项目,A01,364,51822407,E0409,矿山岩体力学,董陇军,中南大学,130,2019-01至2021-12
2018,优秀青年科学基金项目,A01,365,21822601,B060201,大气污染控制化学,董帆,重庆工商大学,130,2019-01至2021-12
2018,优秀青年科学基金项目,A01,366,51822506,E051002,数字化制造技术与装备,丁烨,上海交通大学,130,2019-01至2021-12
2018,优秀青年科学基金项目,A01,367,51822502,E0501,机器人地面力学及应用方法,丁亮,哈尔滨工业大学,130,2019-01至2021-12
2018,优秀青年科学基金项目,A01,368,71822105,G0102,物流与供应链管理,邓天虎,清华大学,130,2019-01至2021-12
2018,优秀青年科学基金项目,A01,369,51822811,E080405,大气污染控制,单文坡,中国科学院城市环境研究所,130,2019-01至2021-12
2018,优秀青年科学基金项目,A01,370,41822302,D0303,造山带镁铁质岩浆作用,戴立群,中国科学技术大学,130,2019-01至2021-12
2018,优秀青年科学基金项目,A01,371,51822102,E010602,形状记忆合金先进原位表征与高性能设计,从道永,北京科技大学,130,2019-01至2021-12
2018,优秀青年科学基金项目,A01,372,51822808,E080401,消毒副产物研究,楚文海,同济大学,130,2019-01至2021-12
2018,优秀青年科学基金项目,A01,373,61822502,F050107,光学增强现实与虚拟现实技术,程德文,北京理工大学,130,2019-01至2021-12
2018,优秀青年科学基金项目,A01,374,21822801,B080104,金属合金催化剂的化工热力学基础,程道建,北京化工大学,130,2019-01至2021-12
2018,优秀青年科学基金项目,A01,375,41822202,D0204,变质岩石学,陈意,中国科学院地质与地球物理研究所,130,2019-01至2021-12
2018,优秀青年科学基金项目,A01,376,51822904,E0907,深部岩土体流固耦合机理与工程灾害控制,陈旭光,中国海洋大学,130,2019-01至2021-12
2018,优秀青年科学基金项目,A01,377,71822302,G030702,气候变化的影响及适应性策略研究,陈晓光,西南财经大学,130,2019-01至2021-12
2018,优秀青年科学基金项目,A01,378,51822203,E0209,钙钛矿太阳能电池,陈炜,华中科技大学,130,2019-01至2021-12
2018,优秀青年科学基金项目,A01,379,41822303,D0304,热液系统中成矿元素的活化和富集,陈伟,中国科学院地球化学研究所,130,2019-01至2021-12
2018,优秀青年科学基金项目,A01,380,41822603,D0603,第四纪深海化学演化,陈天宇,南京大学,130,2019-01至2021-12
2018,优秀青年科学基金项目,A01,381,51822509,E050802,塑性加工工艺、模具与装备,陈强,中国兵器工业第五九研究所,130,2019-01至2021-12
2018,优秀青年科学基金项目,A01,382,41822104,D010203,新型城镇化,陈明星,中国科学院地理科学与资源研究所,130,2019-01至2021-12
2018,优秀青年科学基金项目,A01,383,11822507,A050204,大型强子对撞机物理实验研究,陈明水,中国科学院高能物理研究所,130,2019-01至2021-12
2018,优秀青年科学基金项目,A01,384,51822304,E03,阻燃高分子材料,陈力,四川大学,130,2019-01至2021-12
2018,优秀青年科学基金项目,A01,385,41822102,D010107,古湖沼与古气候学,陈建徽,兰州大学,130,2019-01至2021-12
2018,优秀青年科学基金项目,A01,386,31822016,C0512,DNA修复与基因编辑,陈佳,上海科技大学,130,2019-01至2021-12
2018,优秀青年科学基金项目,A01,387,31822013,C0507,核受体生物学,陈航姿,厦门大学,130,2019-01至2021-12
2018,优秀青年科学基金项目,A01,388,41822602,D0601,物理海洋学,陈更新,中国科学院南海海洋研究所,130,2019-01至2021-12
2018,优秀青年科学基金项目,A01,389,81822002,H0201,分子心脏病学,陈琛,华中科技大学,130,2019-01至2021-12
2018,优秀青年科学基金项目,A01,390,31822023,C090106,物体识别的神经机制,常乐,中国科学院上海生命科学研究院,130,2019-01至2021-12
2018,优秀青年科学基金项目,A01,391,31822005,C020504,植物雄性生殖发育,常芳,复旦大学,130,2019-01至2021-12
2018,优秀青年科学基金项目,A01,392,61822102,F011302,航路网络协同调控,蔡开泉,北京航空航天大学,130,2019-01至2021-12
2018,优秀青年科学基金项目,A01,393,51822805,E080502,可展与折叠结构,蔡建国,东南大学,130,2019-01至2021-12
2018,优秀青年科学基金项目,A01,394,11822505,A050608,磁约束聚变等离子体中快粒子与磁流体不稳定性的相互作用,蔡辉山,中国科学技术大学,130,2019-01至2021-12
2018,优秀青年科学基金项目,A01,395,31822055,C180202,禽流感病毒分子进化与跨种间感染机制,毕玉海,中国科学院微生物研究所,130,2019-01至2021-12
2018,优秀青年科学基金项目,A01,396,81822004,H0203,冠心病基础与临床,柏勇平,中南大学,130,2019-01至2021-12
2018,优秀青年科学基金项目,A01,397,81822013,H0902,阿尔茨海默病超早期诊断和干预及其分子基础,柏峰,南京大学,130,2019-01至2021-12
2018,优秀青年科学基金项目,A01,398,61822506,F0509,纳米发光材料与发光器件,白雪,吉林大学,130,2019-01至2021-12
2018,优秀青年科学基金项目,A01,399,11822504,A050301,原子核的贝塔衰变和双贝塔衰变,白春林,四川大学,130,2019-01至2021-12
2018,优秀青年科学基金项目,A01,400,41822204,D021101,构造地质学,敖松坚,中国科学院地质与地球物理研究所,130,2019-01至2021-12
