2018,重点项目,A01,1,31830017,C0506,蛋白质转亚硝基化调控植物胁迫反应的分子机理,左建儒,中国科学院遗传与发育生物学研究所,292,2019-01至2023-12
2018,重点项目,A01,2,11831015,A011403,癌症演变的高维组学数据分析与多尺度随机动力学建模,邹秀芬,武汉大学,250,2019-01至2023-12
2018,重点项目,A01,3,41830968,D0502,塔克拉玛干沙漠起伏地形上地气交换过程和大气边界层结构研究,邹捍,中国科学院大气物理研究所,307,2019-01至2023-12
2018,重点项目,A01,4,81830021,H0505,IIa类组蛋白去乙酰化酶在肾脏损伤修复和炎症及纤维化进展中的调控作用和机制,庄守纲,同济大学,294,2019-01至2023-12
2018,重点项目,A01,5,61835010,F0502,集成化高速窄线宽激光器关键技术研究,祝宁华,中国科学院半导体研究所,295,2019-01至2023-12
2018,重点项目,A01,6,41830969,D0507,东亚夏季风次季节模态变化的关键物理过程、变化机理和可预报性研究,祝从文,中国气象科学研究院,280,2019-01至2023-12
2018,重点项目,A01,7,11833004,A0306,Gaia参考架的性质及其与ICRF的连接,朱紫,南京大学,315,2019-01至2023-12
2018,重点项目,A01,8,41831278,D0705,柱状节理岩体界面渗流-应力耦合灾变演化机理与控制理论研究,朱珍德,河海大学,288,2019-01至2023-12
2018,重点项目,A01,9,61834004,F0402,高精度激光雷达传感器芯片关键技术研究,朱樟明,西安电子科技大学,288,2019-01至2023-12
2018,重点项目,A01,10,31830057,C120407,植物干细胞巢特化和稳态维持的分子机理,朱玉贤,武汉大学,294,2019-01至2023-12
2018,重点项目,A01,11,31830042,C1111,硫化氢调节胰岛素抵抗时心肌细胞代谢重塑与损伤的机制：分子开关在信号转导中的关键作用,朱依纯,复旦大学,256,2019-01至2023-12
2018,重点项目,A01,12,41830643,D010107,图们江流域湿地退化及其环境效应模拟研究,朱卫红,延边大学,308,2019-01至2023-12
2018,重点项目,A01,13,61836007,F060505,面向领域大数据的事件知识图谱构建研究,朱巧明,苏州大学,296,2019-01至2023-12
2018,重点项目,A01,14,21836003,B060104,典型土壤有机污染物对作物代谢的影响及分子机制,朱利中,浙江大学,330,2019-01至2023-12
2018,重点项目,A01,15,41831177,D010105,青藏高原过去40年湖泊水量与盐度变化及气候变化响应,朱立平,中国科学院青藏高原研究所,302,2019-01至2023-12
2018,重点项目,A01,16,81830043,H04,盆底重建术慢性疼痛临床应用解剖学及预防探索研究,朱兰,中国医学科学院北京协和医院,294,2019-01至2023-12
2018,重点项目,A01,17,21834004,B040402,基于DNA纳米技术的生物活性分子原位监测与肿瘤精准诊疗,朱俊杰,南京大学,315,2019-01至2023-12
2018,重点项目,A01,18,31830016,C1607,阔叶红松林红松天然更新障碍机制研究,朱教君,中国科学院沈阳应用生态研究所,292,2019-01至2023-12
2018,重点项目,A01,19,31830058,C120110,多梳蛋白抑制复合体在发育过程中的稳态调控机制,朱健,北京大学,279,2019-01至2023-12
2018,重点项目,A01,20,51838006,E080509,基于监测数据的结构被动振动控制系统性能研究,朱宏平,华中科技大学,300,2019-01至2023-12
2018,重点项目,A01,21,41830757,D010105,水库藻类水华形成的气象水文动力学机制及调控策略研究,朱广伟,中国科学院南京地理与湖泊研究所,302,2019-01至2023-12
2018,重点项目,A01,22,41830213,D0212,郯庐断裂带起源机制研究,朱光,合肥工业大学,307,2019-01至2023-12
2018,重点项目,A01,23,11832012,A020403,飞机表面结冰机理瞬态数值分析与实验研究,朱春玲,南京航空航天大学,310,2019-01至2023-12
2018,重点项目,A01,24,81830055,H18,心脏血管网络仿生构建的基础研究,朱楚洪,中国人民解放军第三军医大学,294,2019-01至2023-12
2018,重点项目,A01,25,21836005,B060303,新型手性多环芳胺-DNA加合物的自由基形成机理和生物学效应,朱本占,中国科学院生态环境研究中心,316,2019-01至2023-12
2018,重点项目,A01,26,61836013,F060505,面向领域大数据的知识图谱构建,周园春,中国科学院计算机网络信息中心,288,2019-01至2023-12
2018,重点项目,A01,27,71833004,G0303,半参数计量经济学的理论与方法的创新研究----基于个体异质性和相依性的经济学分析,周亚虹,上海财经大学,240,2019-01至2023-12
2018,重点项目,A01,28,51839009,E090705,多场耦合环境下深部重大岩体工程流变大变形灾变机理与模拟、监测与预警,周小平,武汉大学,300,2019-01至2023-12
2018,重点项目,A01,29,11835013,A050204,中微子质量起源及相关新物理的理论研究,周顺,中国科学院高能物理研究所,300,2019-01至2023-12
2018,重点项目,A01,30,31830009,C0305,结合生态位分化、中性过程和植物-病原真菌协同进化探索植物群落构建机制,周淑荣,复旦大学,282,2019-01至2023-12
2018,重点项目,A01,31,81830008,H0818,以EBV为靶治疗难治性EBV相关淋巴增殖性疾病的创新CAR-T研究,周剑峰,华中科技大学,294,2019-01至2023-12
2018,重点项目,A01,32,31830019,C0514,拟南芥异源三聚G蛋白在跨膜信号转导中的调控机理,周俭民,中国科学院遗传与发育生物学研究所,282,2019-01至2023-12
2018,重点项目,A01,33,81830102,H31,肝细胞癌靶向药物耐药新机制和治疗新策略的研究,周俭,复旦大学,294,2019-01至2023-12
2018,重点项目,A01,34,81830093,H1602,RNA剪接异常在肺癌发生发展中的作用,周光飚,中国医学科学院肿瘤医院,293,2019-01至2023-12
2018,重点项目,A01,35,71834003,G0412,可再生能源发展的驱动机理及路径选择,周德群,南京航空航天大学,250.36,2019-01至2023-12
2018,重点项目,A01,36,11834009,A040207,原子面分辨电子磁线二色谱方法研究及静态/外场下反铁磁序与多种序参量的耦合机制,钟虓,清华大学,310,2019-01至2023-12
2018,重点项目,A01,37,21834002,B040303,多模态光电子扫描高分辨质谱化学成像及乳腺癌分子病理分级和分型,钟鸿英,华中师范大学,315,2019-01至2023-12
2018,重点项目,A01,38,81830072,H20,缺血性心脏病人群中组织特异microRNA和蛋白多重标志物的鉴定检测及在临床预后判断中的应用研究,郑哲,中国医学科学院阜外医院,294,2019-01至2023-12
2018,重点项目,A01,39,51832009,E0201,准参量啁啾脉冲放大用非线性光学晶体材料的关键科学问题,郑燕青,中国科学院上海硅酸盐研究所,290,2019-01至2023-12
2018,重点项目,A01,40,11832016,A020306,基于微纳技术二维材料器件的多场耦合失效机理研究,郑学军,湘潭大学,320,2019-01至2023-12
2018,重点项目,A01,41,81830095,H1103,皮肤组织记忆性T细胞及其归巢在银屑病复发中的作用研究,郑捷,上海交通大学,294,2019-01至2023-12
2018,重点项目,A01,42,81830104,H31,基于细胞色素P450酶介导的有毒呋喃萜类化合物肝损伤机制研究,郑江,贵州医科大学,294,2019-01至2023-12
2018,重点项目,A01,43,81830037,H0902,谷氨酰胺酶C亚型介导的小胶质细胞激活在阿尔兹海默病神经炎症的机制解析,郑加麟,同济大学,293,2019-01至2023-12
2018,重点项目,A01,44,31830045,C060101,套索RNA代谢调控机制及其在植物基因组稳定性维持中的作用,郑丙莲,复旦大学,280,2019-01至2023-12
2018,重点项目,A01,45,71831008,G0102,绿色港口与航运网络运营管理优化研究,镇璐,上海大学,240,2019-01至2023-12
2018,重点项目,A01,46,21837002,B0704,烟酰胺胞嘧啶二核苷酸代谢及其生物学效应的基础研究,赵宗保,中国科学院大连化学物理研究所,317,2019-01至2023-12
2018,重点项目,A01,47,41830758,D070105,黄土高原生物结皮对坡面水土流失过程的影响及模拟,赵允格,中国科学院水利部水土保持研究所,298,2019-01至2023-12
2018,重点项目,A01,48,51831005,E0105,多铁异质结构中斯格明子的电场调控,赵永刚,清华大学,300,2019-01至2023-12
2018,重点项目,A01,49,81830117,H27,亚健康湿热证肠道菌群诱导血尿酸升高的“炎症—代谢”Crosstalk机制及四妙丸的干预作用,赵晓山,南方医科大学,294,2019-01至2023-12
2018,重点项目,A01,50,11834012,A040215,热电/磁卡复合制冷关键材料的热-电-磁耦合物理新机制,赵文俞,武汉理工大学,320,2019-01至2023-12
2018,重点项目,A01,51,81830007,H0818,组蛋白修饰异常导致B淋巴细胞恶变的分子机制和靶向干预,赵维莅,上海交通大学,294,2019-01至2023-12
2018,重点项目,A01,52,41830965,D0509,长江中游“次盆地”大气气溶胶年际异常“凸增”及重污染过程气象影响机理研究,赵天良,南京信息工程大学,306,2019-01至2023-12
2018,重点项目,A01,53,71832007,G0204,基于创新导向的中国企业人力资源管理模式研究,赵曙明,南京大学,240,2019-01至2023-12
2018,重点项目,A01,54,21837003,B070501,新型石松生物碱先导化合物发现与研究,赵勤实,中国科学院昆明植物研究所,318,2019-01至2023-12
2018,重点项目,A01,55,21833012,B030706,多电荷大分子单链构象转变与有序折叠过程中电荷演变研究,赵江,中国科学院化学研究所,323,2019-01至2023-12
2018,重点项目,A01,56,61835007,F0505,基于超冷里德堡原子的量子精密测量,,赵建明,山西大学,291,2019-01至2023-12
2018,重点项目,A01,57,11834013,A040203,基于半导体二维电子气的高精度人体弱磁探测研究,赵建华,中国科学院半导体研究所,310,2019-01至2023-12
2018,重点项目,A01,58,51837001,E0707,大行程高精密永磁直线电机伺服系统关键科学问题研究,赵吉文,安徽大学,300,2019-01至2023-12
2018,重点项目,A01,59,31830002,C0106,结核分枝杆菌持留菌基因组维护机制研究,赵国屏,复旦大学,297,2019-01至2023-12
2018,重点项目,A01,60,21836004,B060303,二恶英类污染物系统性神经毒理过程与机制研究,赵斌,中国科学院生态环境研究中心,300,2019-01至2023-12
2018,重点项目,A01,61,11832010,A0203,二维材料及其界面的变形与失效机理研究,张忠,国家纳米科学中心,320,2019-01至2023-12
2018,重点项目,A01,62,81830040,H0921,神经导航rTMS刺激视觉皮层个体化快速抗抑郁及其机制和生物学标记研究,张志珺,东南大学,293,2019-01至2023-12
2018,重点项目,A01,63,61836014,F060708,类脑神经网络建模、学习与应用,张兆翔,中国科学院自动化研究所,292,2019-01至2023-12
2018,重点项目,A01,64,81830009,H02,交感应激引起心肌细胞代谢失衡在心脏重构中的作用及机制,张幼怡,北京大学,293,2019-01至2023-12
2018,重点项目,A01,65,61833013,F0307,面向森林环境监测的自主高可靠多无人机系统关键技术研究,张友民,西安理工大学,290,2019-01至2023-12
2018,重点项目,A01,66,31830036,C090116,利用基因编辑技术创建Shank3突变自闭症家犬模型,张永清,中国科学院遗传与发育生物学研究所,295,2019-01至2023-12
2018,重点项目,A01,67,31830092,C161505,放牧草地植物多样性形成与维持机制,张英俊,中国农业大学,273,2019-01至2023-12
2018,重点项目,A01,68,21832001,B020102,纳米氧化铈负载金属催化剂界面结构的调控及其在碳一化学中的催化作用,张亚文,北京大学,315,2019-01至2023-12
2018,重点项目,A01,69,81830078,H0609,关节区域免疫微环境特征及影响衰老性骨关节炎退变的机制,张晓玲,上海交通大学,293,2019-01至2023-12
2018,重点项目,A01,70,71834005,G0413,我国小城镇的转型发展与治理研究,张晓玲,香港城市大学深圳研究院,235,2019-01至2023-12
2018,重点项目,A01,71,21838010,B08,离子液体介质强化CO2活化转化过程研究,张香平,中国科学院过程工程研究所,315,2019-01至2023-12
2018,重点项目,A01,72,31830062,C130506,棉花优质纤维基因关联位点的高通量验证及基因调控网络构建,张献龙,华中农业大学,300,2019-01至2023-12
2018,重点项目,A01,73,51833007,E0310,用于肿瘤诊疗的纳米生物材料的研究,张先正,武汉大学,300,2019-01至2023-12
2018,重点项目,A01,74,51832006,E02,硅酸二钙-硫铝酸钙-硫硅酸钙水泥熟料新体系的基础研究,张文生,中国建筑材料科学研究总院有限公司,300,2019-01至2023-12
2018,重点项目,A01,75,31830011,C0308,大气氮沉降对典型草原生物多样性影响的多尺度研究,张文浩,中国科学院植物研究所,286,2019-01至2023-12
2018,重点项目,A01,76,81830066,H19,丝氨酸蛋白酶和补体对包虫-宿主界面微环境的调控及病理形成机制的研究,张文宝,新疆医科大学,294,2019-01至2023-12
2018,重点项目,A01,77,11831012,A010702,动力系统的复杂性和遍历性,张伟年,四川大学,250,2019-01至2023-12
2018,重点项目,A01,78,11832002,A020202,双稳态复合和压电复合层合结构的高维非线性动力学及跳跃现象,张伟,北京工业大学,320,2019-01至2023-12
2018,重点项目,A01,79,21831005,B010305,基于双金属协同催化体系的不对称催化新反应研究,张万斌,上海交通大学,300,2019-01至2023-12
2018,重点项目,A01,80,41830215,D0212,新元古代中期华南及其近缘板块古地理位置动态重建,张世红,中国地质大学（北京）,270,2019-01至2023-12
2018,重点项目,A01,81,61836016,F060505,大数据理解与知识发现的若干方法,张师超,中南大学,283,2019-01至2023-12
2018,重点项目,A01,82,41830964,D0510,针对海气交界面关键物理过程的耦合模式及耦合资料同化研究,张绍晴,中国海洋大学,305,2019-01至2023-12
2018,重点项目,A01,83,31830081,C1501,梨果实液泡糖、酸运转与转化的分子机制,张绍铃,南京农业大学,285,2019-01至2023-12
2018,重点项目,A01,84,61831008,F0106,面向载人登月的空间信息传输理论与关键技术,张钦宇,哈尔滨工业大学,296,2019-01至2023-12
2018,重点项目,A01,85,21831002,B010302,基于自由基中间体的C-N键构建新方法研究,张前,东北师范大学,302,2019-01至2023-12
2018,重点项目,A01,86,61835002,F0503,基于数字信号处理技术的光高速高阶QAM概率整形技术研究,张琦,北京邮电大学,287,2019-01至2023-12
2018,重点项目,A01,87,51839004,E091002,自主式深海潜水器的故障控制和安全设计的关键科学问题,张铭钧,哈尔滨工程大学,300,2019-01至2023-12
2018,重点项目,A01,88,81830057,H1804,基于机器学习的颅内动脉瘤自动化检测、破裂和复发风险模型构建和应用研究,张龙江,中国人民解放军东部战区总医院,294,2019-01至2023-12
2018,重点项目,A01,89,21834006,B0401,离子液体在质膜蛋白质规模化分离分析中的作用机制及应用研究,张丽华,中国科学院大连化学物理研究所,315,2019-01至2023-12
2018,重点项目,A01,90,41830108,D0106,多维时空谱遥感数据综合与表征关键理论与方法研究,张立福,中国科学院遥感与数字地球研究所,301,2019-01至2023-12
2018,重点项目,A01,91,51834002,E0413,,旋流钢包反应器精炼过程机理及动态流程研究,张炯明,北京科技大学,299,2019-01至2023-12
2018,重点项目,A01,92,41830642,D070106,植物对土壤氮转化的反馈作用及其机理研究,张金波,南京师范大学,282,2019-01至2023-12
2018,重点项目,A01,93,61831003,F0109,内生安全光通信理论与技术研究,张杰,北京邮电大学,281,2019-01至2023-12
2018,重点项目,A01,94,81830033,H09,脑深部电刺激治疗帕金森病冻结步态的基底节-皮层环路调节机制研究,张建国,北京市神经外科研究所,293,2019-01至2023-12
2018,重点项目,A01,95,11834017,A040204,范德华异质界面的构筑与调控,张广宇,中国科学院物理研究所,310,2019-01至2023-12
2018,重点项目,A01,96,51835001,E0510,复杂机电产品以元动作可靠性为中心的多元质量特性协同设计技术研究,张根保,重庆大学,300,2019-01至2023-12
2018,重点项目,A01,97,51831008,E0101,快速相变纳米贝氏体钢设计、制备及应用中的关键问题,张福成,燕山大学,300,2019-01至2023-12
2018,重点项目,A01,98,81830106,H31,基于抗耐药真菌新先导物和新机制的药物发现研究,张大志,中国人民解放军第二军医大学,293,2019-01至2023-12
2018,重点项目,A01,99,81830112,H29,基于肠道菌群中西医结合防治糖脂代谢性疾病的机制研究,张伯礼,天津中医药大学,294,2019-01至2023-12
2018,重点项目,A01,100,81830020,H0503,WWP2介导的泛素化修饰：免疫性肾小球疾病炎性损伤的新机制,张爱华,南京医科大学,294,2019-01至2023-12
2018,重点项目,A01,101,81830086,H16,协同靶向食管鳞癌PAFR/DGKα/FAK蛋白复合体及其肿瘤微环境的作用机制研究,詹启敏,北京市肿瘤防治研究所,293,2019-01至2023-12
2018,重点项目,A01,102,61831015,F011704,视障辅助多媒体信号处理理论与应用,翟广涛,上海交通大学,287,2019-01至2023-12
2018,重点项目,A01,103,31830056,C120402,应答激素的新的乳腺干细胞类型的发现及机制研究,曾艺,中国科学院上海生命科学研究院,296,2019-01至2023-12
2018,重点项目,A01,104,51837006,E070601,万安级大电流单次关断用IGCT器件的理论建模、参数优化与性能调控,曾嵘,清华大学,315,2019-01至2023-12
2018,重点项目,A01,105,81830090,H1625,鼻咽癌中YTHDF1复合体降解病毒m6A修饰RNA调控EBV感染状态及肿瘤进展,曾木圣,中山大学,295,2019-01至2023-12
2018,重点项目,A01,106,51835007,E051103,基于光频梳光谱多维辨析的六自由度绝对位姿动态测量理论与方法,曾理江,清华大学,300,2019-01至2023-12
2018,重点项目,A01,107,71832010,G0207,移动互联网时代的新产品开发策略与商业模式创新,曾伏娥,武汉大学,240,2019-01至2023-12
2018,重点项目,A01,108,61831004,F0105,硬件性能受限下室外毫米波大规模MIMO关键技术研究,岳光荣,电子科技大学,281,2019-01至2023-12
2018,重点项目,A01,109,11835012,A050202,BESIII实验类粲偶素的寻找和研究,苑长征,中国科学院高能物理研究所,330,2019-01至2023-12
2018,重点项目,A01,110,21837004,B070103,新型细胞程序性坏死调控因子与化学干预,袁钧瑛,中国科学院上海有机化学研究所,318,2019-01至2023-12
2018,重点项目,A01,111,61836003,F0607,基于在线学习与评估的智能脑机共享控制技术与康复应用研究,俞祝良,华南理工大学,250,2019-01至2023-12
2018,重点项目,A01,112,81830069,H1908,碳青霉烯耐药肺炎克雷伯菌耐药机制与毒力因子及其进化研究,俞云松,浙江大学,294,2019-01至2023-12
2018,重点项目,A01,113,61836002,F060408,基于大规模跨媒体知识网络的复杂视频问答方法研究,俞俊,杭州电子科技大学,287,2019-01至2023-12
2018,重点项目,A01,114,31830010,C0305,病原菌与寄主植物协同进化对森林群落构建的影响机制,余世孝,中山大学,289,2019-01至2023-12
2018,重点项目,A01,115,71834006,G0405,我国核心信息技术创新规律与创新体系研究,余江,中国科学院科技战略咨询研究院,215,2019-01至2023-12
2018,重点项目,A01,116,81830079,H0609,EGFR信号在皮质骨疏松中的作用机制及干预策略,余斌,南方医科大学,293,2019-01至2023-12
2018,重点项目,A01,117,21835002,B05,电子显微镜技术用于分子筛催化材料的原子尺度结构研究,于吉红,吉林大学,310,2019-01至2023-12
2018,重点项目,A01,118,61832015,F0202,量子程序设计的理论基础,应明生,中国科学院软件研究所,291,2019-01至2023-12
2018,重点项目,A01,119,11834003,A040309,分子有效减速、强度梯度冷却与高效囚禁及其光学势蒸发冷却：一条新的技术路线,印建平,华东师范大学,310,2019-01至2023-12
2018,重点项目,A01,120,31830021,C0802,γδ,T细胞介导肿瘤免疫的分子机制,尹芝南,暨南大学,282,2019-01至2023-12
2018,重点项目,A01,121,11832018,A020403,静音流场条件下的超高帧频NPLS技术及其在高超声速典型复杂流动机理研究中的应用,易仕和,中国人民解放军国防科技大学,290,2019-01至2023-12
2018,重点项目,A01,122,21831008,B010301,惰性底物参与的氮杂环卡宾协同催化反应研究,叶松,中国科学院化学研究所,300,2019-01至2023-12
2018,重点项目,A01,123,61836012,F060203,视觉目标自学习建模与在线处理,叶齐祥,中国科学院大学,285,2019-01至2023-12
2018,重点项目,A01,124,31830073,C140104,植物信号分子在病—虫互惠攻击下的免疫功能与调控,叶健,中国科学院微生物研究所,286,2019-01至2023-12
2018,重点项目,A01,125,31830074,C1402,金小蜂幼虫唾液蛋白功能及其与寄主免疫互作机理,叶恭银,浙江大学,288,2019-01至2023-12
2018,重点项目,A01,126,61832005,F020709,基于边缘计算的云端融合理论方法与关键技术研究,叶保留,河海大学,286,2019-01至2023-12
2018,重点项目,A01,127,81830068,H1901,蛋白质翻译后修饰调控沙门菌双组份系统PhoP/PhoQ机制及意义,姚玉峰,上海交通大学,294,2019-01至2023-12
2018,重点项目,A01,128,31830038,C090301,基于诱导多能干细胞和小鼠模型的重性抑郁症和双相抑郁症发病机制比较研究,姚骏,清华大学,274,2019-01至2023-12
2018,重点项目,A01,129,61832010,F020709,非传感器场景感知理论与关键技术,杨铮,清华大学,290,2019-01至2023-12
2018,重点项目,A01,130,51833005,E030701,静电调控的聚合物分子内交联及Janus纳米材料制备,杨振忠,清华大学,300,2019-01至2023-12
2018,重点项目,A01,131,31830028,C1002,神经移植物材料表面弹性和拓扑结构对神经再生的影响规律及机制研究,杨宇民,南通大学,278,2019-01至2023-12
2018,重点项目,A01,132,51838007,E080301,未来城市建筑室内环境营造理论与设计方法,杨旭东,清华大学,300,2019-01至2023-12
2018,重点项目,A01,133,11833005,A030102,基于大规模红移巡天探索结构的形成与演化,杨小虎,上海交通大学,320,2019-01至2023-12
2018,重点项目,A01,134,61831007,F010202,基于内容的新型通信网络主动防御基础理论和方法研究,杨武,哈尔滨工程大学,281,2019-01至2023-12
2018,重点项目,A01,135,81830023,H07,胰岛δ-α/β细胞功能组模式调控异常致胰岛功能障碍的研究,杨涛,南京医科大学,294,2019-01至2023-12
2018,重点项目,A01,136,61835001,F051104,基于啁啾调幅涡旋场水下目标激光探测的新原理、新方法、新技术研究,杨苏辉,北京理工大学,277,2019-01至2023-12
2018,重点项目,A01,137,81830039,H0906,星形胶质细胞新亚群的发现及其在脑缺血再灌注损伤中的作用及机制,杨清武,中国人民解放军第三军医大学,300,2019-01至2023-12
2018,重点项目,A01,138,31830076,C140501,昆虫几丁质合酶跨膜域结构及苯甲酰脲类农药的作用模式,杨青,大连理工大学,296,2019-01至2023-12
2018,重点项目,A01,139,51838011,E0803,中国建筑气候分区理论、方法与区划,杨柳,西安建筑科技大学,300,2019-01至2023-12
2018,重点项目,A01,140,51838002,E080201,基于大数据的城市中心区空间规划理论与关键技术研究,杨俊宴,东南大学,300,2019-01至2023-12
2018,重点项目,A01,141,81830044,H0418,孕期高血糖通过胎盘葡萄糖转运及代谢异常影响子代近远期发育的机制探讨,杨慧霞,北京大学,294,2019-01至2023-12
2018,重点项目,A01,142,41831072,D041003,地球极隙区动力学研究,杨惠根,中国极地研究中心,296,2019-01至2023-12
2018,重点项目,A01,143,21831001,B010205,硼镍(铜)钨氧合团簇的缺位导向合成、结构及性能,杨国昱,北京理工大学,327,2019-01至2023-12
2018,重点项目,A01,144,51832011,E020603,白碳的制备、结构和物性研究,杨国伟,中山大学,300,2019-01至2023-12
2018,重点项目,A01,145,41830534,D0602,中国东海和黄海中挥发性卤代烃的源与汇及其对环境的影响,杨桂朋,中国海洋大学,302,2019-01至2023-12
2018,重点项目,A01,146,21837001,B070505,生态农药创制的化学生物学基础,杨光富,华中师范大学,319,2019-01至2023-12
2018,重点项目,A01,147,11835004,A050501,新型高聚束因子可调太赫兹结构电子束脉冲序列及其辐射研究,颜立新,清华大学,330,2019-01至2023-12
2018,重点项目,A01,148,81830026,H1205,TNFSF15通过去甲基化酶JMJD2B调控糖尿病视网膜病变的机制研究,颜华,天津医科大学,293,2019-01至2023-12
2018,重点项目,A01,149,51835009,E0503,航空发动机燃油控制系统服役安全保障方法研究,严如强,西安交通大学,300,2019-01至2023-12
2018,重点项目,A01,150,81830050,H1005,人感染H7N9禽流感病毒B细胞免疫应答,严景华,中国科学院微生物研究所,295,2019-01至2023-12
2018,重点项目,A01,151,21835005,B050802,碱性燃料电池阴离子交换聚合物膜的设计与性能调控,严锋,苏州大学,302.5,2019-01至2023-12
2018,重点项目,A01,152,51832007,E02,无机稀土材料多尺度结晶与快速提拉生长新技术,薛冬峰,中国科学院长春应用化学研究所,300,2019-01至2023-12
2018,重点项目,A01,153,51835003,E050401,基于超声非线性理论的高温结构损伤早期表征与评价基础研究,轩福贞,华东理工大学,300,2019-01至2023-12
2018,重点项目,A01,154,81830111,H28,基于“成分构成-靶标网络-生物效应”多维整合的中药质量标志物发现与确认,许海玉,中国中医科学院中药研究所,294,2019-01至2023-12
2018,重点项目,A01,155,11835001,A050301,滴线区原子核的共振与连续谱,许甫荣,北京大学,300,2019-01至2023-12
2018,重点项目,A01,156,31830026,C0804,肿瘤胆固醇代谢物介导的免疫逃逸机制研究,许琛琦,中国科学院上海生命科学研究院,284,2019-01至2023-12
2018,重点项目,A01,157,71832001,G0211,分享经济环境下企业运营与资源配置理论研究,徐寅峰,东华大学,240,2019-01至2023-12
2018,重点项目,A01,158,41830212,D0404,塔里木-天山-准噶尔岩石圈地幔的电阻率模型及其地球动力学意义,徐义贤,浙江大学,302,2019-01至2023-12
2018,重点项目,A01,159,31830107,C050101,DNA损伤应答关键蛋白复合物的结构生物学研究,徐彦辉,复旦大学,284,2019-01至2023-12
2018,重点项目,A01,160,61832004,F020210,大数据环境下的大服务理论与方法研究,徐晓飞,哈尔滨工业大学,286,2019-01至2023-12
2018,重点项目,A01,161,51835004,E050901,晶圆级单晶金刚石衬底的活性/硬质磨粒协同加工原理与关键技术研究,徐西鹏,华侨大学,300,2019-01至2023-12
2018,重点项目,A01,162,81830067,H19,子孢子活化肝细胞内补体及其促进肝期疟原虫发育的机制研究,徐文岳,中国人民解放军第三军医大学,293,2019-01至2023-12
2018,重点项目,A01,163,81830063,H15,严重脑损伤经颈神经交叉移位改善上肢运动功能中脊髓神经可塑性变化的机制研究,徐文东,复旦大学,293,2019-01至2023-12
2018,重点项目,A01,164,61831020,F0107,基于机会声源和分布式接收的水声遥测网络理论与方法,徐文,浙江大学,273,2019-01至2023-12
2018,重点项目,A01,165,51834008,E0419,典型有色金属资源再利用基础理论与关键技术,徐盛明,清华大学,300,2019-01至2023-12
2018,重点项目,A01,166,31830039,C1109,代谢调控血管外膜干/祖细胞参与血管重塑的作用及机制研究,徐清波,浙江大学,287,2019-01至2023-12
2018,重点项目,A01,167,31830052,C0708,核酸天然免疫识别启动的细胞衰老凋亡机制及肿瘤发生调控,徐平龙,浙江大学,280,2019-01至2023-12
2018,重点项目,A01,168,41831073,D041001,基于子午工程和气辉观测网对上传重力波在中高层大气中传播和演化过程的研究,徐寄遥,中国科学院国家空间科学中心,304,2019-01至2023-12
2018,重点项目,A01,169,31830018,C0514,绿藻Tet酶及其催化产生的DNA新修饰的功能研究,徐国良,中国科学院上海生命科学研究院,289,2019-01至2023-12
2018,重点项目,A01,170,31830035,C090116,介观层次脑功能连接组学研究的新技术和新方法,徐富强,中国科学院武汉物理与数学研究所,290,2019-01至2023-12
2018,重点项目,A01,171,61832009,F020208,面向安全攸关深度学习系统的软件测试技术,徐宝文,南京大学,280,2019-01至2023-12
2018,重点项目,A01,172,21831004,B0105,高压电性分子基铁电体的研究,熊仁根,南昌大学,327,2019-01至2023-12
2018,重点项目,A01,173,21838005,B080402,射流乳化功能膜精密构筑与应用基础,邢卫红,南京工业大学,315,2019-01至2023-12
2018,重点项目,A01,174,81830070,H20,血浆游离线粒体DNA的精准检测及作为新型肿瘤标志物的应用评估,邢金良,中国人民解放军第四军医大学,294,2019-01至2023-12
2018,重点项目,A01,175,41830967,D0507,人类用水活动的气候反馈及其对中国陆地水循环的影响研究,谢正辉,中国科学院大气物理研究所,305,2019-01至2023-12
2018,重点项目,A01,176,61836008,F0602,面向弱小目标的机器学习与认知方法,谢雪梅,西安电子科技大学,282,2019-01至2023-12
2018,重点项目,A01,177,41830319,D0217,地质脂类记录的中国中东部晚中新世以来水热格局的时空演化,谢树成,中国地质大学（武汉）,301,2019-01至2023-12
2018,重点项目,A01,178,71832014,G0203,互联网环境下大数据驱动的企业与用户互动创新理论、方法和应用研究,谢康,中山大学,220,2019-01至2023-12
2018,重点项目,A01,179,71832009,G0214,中国企业国际化与制度演进的机理与策略研究,谢恩,同济大学,240,2019-01至2023-12
2018,重点项目,A01,180,31830008,C020407,昆虫咬噬激活植物茉莉素硬脂酸代谢途径的分子机制,谢道昕,清华大学,295,2019-01至2023-12
2018,重点项目,A01,181,81830108,H3105,耐药突变EGFR蛋白的调控及耐药非小细胞肺癌的治疗新策略,肖智雄,四川大学,294,2019-01至2023-12
2018,重点项目,A01,182,31830101,C190201,鲫耐低氧优良性状的遗传基础,肖武汉,中国科学院水生生物研究所,289,2019-01至2023-12
2018,重点项目,A01,183,41830753,D0707,地质高背景区铊的表生富集机理与环境影响效应研究,肖唐付,广州大学,300,2019-01至2023-12
2018,重点项目,A01,184,61832020,F020403,大规模固态存储系统结构与技术,肖侬,中山大学,288,2019-01至2023-12
2018,重点项目,A01,185,41830214,D0206,火星古湖泊形成环境及天体生物学意义,肖龙,中国地质大学（武汉）,294,2019-01至2023-12
2018,重点项目,A01,186,81830047,H10,MicroRNA及其靶基因在自身免疫病中的作用机理研究,肖昌春,厦门大学,294,2019-01至2023-12
2018,重点项目,A01,187,61836001,F0606,面向复杂工业制造过程的智能感知、处理、决策与控制理论与方法,夏元清,北京理工大学,287,2019-01至2023-12
2018,重点项目,A01,188,41830103,D0409,城镇环境高频地震面波波场响应和成像,夏江海,浙江大学,305,2019-01至2023-12
2018,重点项目,A01,189,41831290,D0705,强各向异性岩体开挖弱化机理与强度-刚度主动调控研究,伍法权,绍兴文理学院,305,2019-01至2023-12
2018,重点项目,A01,190,41830540,D0603,台湾浅滩沙波体系的形成演化、成因机制及地貌效应,吴自银,自然资源部第二海洋研究所,302,2019-01至2023-12
2018,重点项目,A01,191,31830013,C031203,水生植物化感作用抑制有害藻类生长的分子机制研究,吴振斌,中国科学院水生生物研究所,280,2019-01至2023-12
2018,重点项目,A01,192,11831010,A0113,随机最优控制理论及其科学计算,吴臻,山东大学,270,2019-01至2023-12
2018,重点项目,A01,193,21838006,B08,藻类生物质的催化水热液化及所得生物油的催化水热改质关键问题研究,吴玉龙,清华大学,315,2019-01至2023-12
2018,重点项目,A01,194,61836015,F060603,室内挑战性环境下机器人视觉定位导航理论及应用,吴毅红,中国科学院自动化研究所,291,2019-01至2023-12
2018,重点项目,A01,195,71832013,G0203,互联网环境下大数据驱动的用户与企业互动创新理论、方法和应用研究,吴晓波,浙江大学,235,2019-01至2023-12
2018,重点项目,A01,196,61833010,F0301,量子测控集成系统及其在超导量子计算实验中的应用,吴热冰,清华大学,289,2019-01至2023-12
2018,重点项目,A01,197,11835014,A050408,载能粒子对关键生物靶的分子调控机制与应用基础研究,吴李君,中国科学院合肥物质科学研究院,330,2019-01至2023-12
2018,重点项目,A01,198,61831018,F010404,自主学习的移动互联网视频传输基础理论与方法,吴俊,同济大学,292,2019-01至2023-12
2018,重点项目,A01,199,11834004,A040406,超流氦纳米体内分子超快动力学研究,吴健,华东师范大学,320,2019-01至2023-12
2018,重点项目,A01,200,51837009,E070301,高铁新型受电弓滑板结构-功能设计及服役性能的基础研究,吴广宁,西南交通大学,300,2019-01至2023-12
2018,重点项目,A01,201,51838004,E080501,装配式混凝土结构“非等同现浇”抗震设计新理论研究,吴刚,东南大学,305,2019-01至2023-12
2018,重点项目,A01,202,31830063,C130503,新型优质蛋白玉米育种设计的分子遗传学基础,巫永睿,中国科学院上海生命科学研究院,281,2019-01至2023-12
2018,重点项目,A01,203,11831002,A011201,大数据驱动的优化建模与高效算法,文再文,北京大学,250,2019-01至2023-12
2018,重点项目,A01,204,61835004,F0505,面向二维原子晶体的量子弱测量技术研究,文双春,湖南大学,275,2019-01至2023-12
2018,重点项目,A01,205,61832017,F020204,跨模态大数据实时交互式分析,文继荣,中国人民大学,290,2019-01至2023-12
2018,重点项目,A01,206,11832009,A020204,空间绝对定位运动稳定性与仿鸡脖子柔性隔振原理,文桂林,广州大学,320,2019-01至2023-12
2018,重点项目,A01,207,81830001,H0108,吸烟诱导的昼夜节律通路紊乱在COPD慢性气道炎症中的作用及其表观遗传学调控机制,文富强,四川大学,294,2019-01至2023-12
2018,重点项目,A01,208,41830860,D0312,南方红壤丘陵关键带碳及其同位素的关键生物地球化学过程与控制机制,温学发,中国科学院地理科学与资源研究所,304,2019-01至2023-12
2018,重点项目,A01,209,61831010,F0112,天波发射船载分布式高频雷达目标协同探测机理与方法研究,位寅生,哈尔滨工业大学,284,2019-01至2023-12
2018,重点项目,A01,210,41830755,D070104,典型大豆农田土壤中氮素循环的关键微生物过程及其驱动机制,韦革宏,西北农林科技大学,305,2019-01至2023-12
2018,重点项目,A01,211,51838009,E0804,膜生物反应器耦合电催化强化难降解有机物转化的污水再生技术原理,王志伟,同济大学,300,2019-01至2023-12
2018,重点项目,A01,212,11834007,A040407,基于超构表面的非线性光学效应以及量子光源研究,王振林,南京大学,310,2019-01至2023-12
2018,重点项目,A01,213,71834001,G0407,“互联网+”时代研究生教育管理变革与创新研究,王战军,北京理工大学,245,2019-01至2023-12
2018,重点项目,A01,214,41830323,D020101,华南早二叠世冰期向温室期转变的环境变化与生物响应,王玥,中国科学院南京地质古生物研究所,297,2019-01至2023-12
2018,重点项目,A01,215,41830211,D0212,东南亚泰老马地区晚古生代多块体构造重建及其聚合过程研究,王岳军,中山大学,315,2019-01至2023-12
2018,重点项目,A01,216,41831176,D020104,青藏高原东北缘临夏盆地生物-有机地球化学记录的干旱化研究,王永莉,中国科学院地质与地球物理研究所,302,2019-01至2023-12
2018,重点项目,A01,217,81830034,H09,脑深部电刺激改善帕金森氏疾病模型运动障碍的神经机制,王以政,复旦大学,293,2019-01至2023-12
2018,重点项目,A01,218,31830040,C1111,SUN调控肝脏糖异生的分子机制,王一国,清华大学,289,2019-01至2023-12
2018,重点项目,A01,219,21832002,B020103,基于C-O键、C-C键精准活化的木质素到芳烃的定向催化转化研究,王艳芹,华东理工大学,315,2019-01至2023-12
2018,重点项目,A01,220,51831003,E010502,基于晶体长/短程序和磁性团簇拓扑关联及外场调控的新型磁驱相变材料研究,王沿东,北京科技大学,300,2019-01至2023-12
2018,重点项目,A01,221,61834003,F040709,面向近海域水环境监测的自供能无线传感网节点能量获取及电源管理关键问题与技术,王晓红,清华大学,274,2019-01至2023-12
2018,重点项目,A01,222,21836001,B060501,新型纳米材料构筑及其对关键放射性核素在环境中迁移转化影响和机理研究,王祥科,华北电力大学,299,2019-01至2023-12
2018,重点项目,A01,223,81830110,H28,基于中医方证代谢组学的关黄柏质量标志物发现,王喜军,黑龙江中医药大学,294,2019-01至2023-12
2018,重点项目,A01,224,61833003,F0301,基于数据与知识的制造过程能质流协同运行优化理论与关键技术,王伟,大连理工大学,287,2019-01至2023-12
2018,重点项目,A01,225,11833007,A030203,潮汐撕裂恒星事件及其他超大质量黑洞的暂现吸积过程研究,王挺贵,中国科学技术大学,320,2019-01至2023-12
2018,重点项目,A01,226,41830216,D0212,中亚造山带最大年轻地壳区深部新老物质组成架构与成因初探,王涛,中国地质科学院地质研究所,321,2019-01至2023-12
2018,重点项目,A01,227,31830086,C040301,中华按蚊肠道共生菌协同抗疟的分子机制,王四宝,中国科学院上海生命科学研究院,292,2019-01至2023-12
2018,重点项目,A01,228,11831003,A010801,流体力学方程的数学理论,王术,北京工业大学,260,2019-01至2023-12
2018,重点项目,A01,229,81830003,H08,表达高亲和力突变型PD-1融合蛋白的CAR-T细胞用于治疗血液肿瘤的临床前研究,王盛典,中国科学院生物物理研究所,294,2019-01至2023-12
2018,重点项目,A01,230,81830101,H3010,多组学融合抗病毒药物宿主靶标辨识新技术研究,王升启,中国人民解放军军事科学院军事医学研究院,294,2019-01至2023-12
2018,重点项目,A01,231,41830754,D0701,西北旱区活化水灌溉提升地力与促进作物生长机理研究,王全九,西安理工大学,298,2019-01至2023-12
2018,重点项目,A01,232,81830028,H13,听神经病的遗传学机制与基因干预研究,王秋菊,中国人民解放军总医院,293,2019-01至2023-12
2018,重点项目,A01,233,11832007,A020316,微结构敏感超高周疲劳机理与超低速裂纹扩展研究,王清远,成都大学,330,2019-01至2023-12
2018,重点项目,A01,234,31830015,C1607,杉木人工林SOM形成与转化的生物学控制机制,王清奎,中国科学院沈阳应用生态研究所,281,2019-01至2023-12
2018,重点项目,A01,235,31830053,C0711,泛素化修饰调控mTORC1细胞代谢通路Ragulator的机制及功能研究,,王平,同济大学,281,2019-01至2023-12
2018,重点项目,A01,236,81830059,H1809,基于多模态影像的阿尔茨海默病早期智能评价和预测系统的关键技术研究及应用,王培军,同济大学,294,2019-01至2023-12
2018,重点项目,A01,237,81830031,H1403,低频/罕见变异在非综合征型唇腭裂发病中的作用研究,王林,南京医科大学,293,2019-01至2023-12
2018,重点项目,A01,238,51833009,E0309,空间电荷转移非共轭高分子荧光材料的可控合成与性能研究,王利祥,中国科学院长春应用化学研究所,301,2019-01至2023-12
2018,重点项目,A01,239,41831283,D0703,地下水位恢复对水质的影响过程与机理研究,王金生,北京师范大学,305,2019-01至2023-12
2018,重点项目,A01,240,21837005,B070201,基于基因密码子扩展的磷酸化蛋白质合成,王江云,中国科学院生物物理研究所,318,2019-01至2023-12
2018,重点项目,A01,241,81830005,H0816,抗体技术联合T细胞免疫治疗B细胞肿瘤的研究,王建祥,中国医学科学院,294,2019-01至2023-12
2018,重点项目,A01,242,11833008,A030203,活动星系核宽线区观测和理论研究,王建民,中国科学院高能物理研究所,320,2019-01至2023-12
2018,重点项目,A01,243,61835012,F0509,多场调控下的二维材料超宽光谱探测机理及关键技术,王建禄,中国科学院上海技术物理研究所,284,2019-01至2023-12
2018,重点项目,A01,244,81830054,H18,肝脏微器官/类器官培养体系的建立、功能调控及其在重大疾病中的应用,王红阳,中国人民解放军第二军医大学,296,2019-01至2023-12
2018,重点项目,A01,245,31830098,C180701,可移动遗传元件(IncA/C质粒、ICEs、Tn7-like元件),,演化与沙门氏菌、大肠杆菌、肺炎克雷伯多重耐药菌形成和传播机制,王红宁,四川大学,277,2019-01至2023-12
2018,重点项目,A01,246,71832015,G020702,经济转型与国际化背景下品牌建设的理论创新研究,王海忠,中山大学,215,2019-01至2023-12
2018,重点项目,A01,247,51839001,E0906,空化载荷作用下先进复合材料水翼动态响应及其细观结构优化,王国玉,北京理工大学,300,2019-01至2023-12
2018,重点项目,A01,248,41830863,D070201,东部低山丘陵区关键带水分物质运移过程、转化机理及数值模拟,王国庆,水利部交通运输部国家能源局南京水利科学研究院,305,2019-01至2023-12
2018,重点项目,A01,249,51834006,E0402,数字煤矿及智能化开采基础理论研究,王国法,煤炭科学技术研究院有限公司,300,2019-01至2023-12
2018,重点项目,A01,250,51832010,E021402,基于ZrSiS结构的新量子材料探索、结构和物性研究,王刚,中国科学院物理研究所,300,2019-01至2023-12
2018,重点项目,A01,251,51836010,E060203,大功率离心泵启停过程中失速瞬变特性研究,王福军,中国农业大学,300,2019-01至2023-12
2018,重点项目,A01,252,11831014,A011003,随机偏微分方程的遍历理论与相关性质,王凤雨,天津大学,250,2019-01至2023-12
2018,重点项目,A01,253,51831007,E010101,稳定,γ',相强化的低密度新型Co基超合金的设计、定向凝固及性能研究,王翠萍,厦门大学,300,2019-01至2023-12
2018,重点项目,A01,254,51832008,E020603,金属富勒烯的形成机理研究,王春儒,中国科学院化学研究所,305,2019-01至2023-12
2018,重点项目,A01,255,31830088,C040302,铃夜蛾属二近缘种的产卵选择行为及其嗅觉编码机制,王琛柱,中国科学院动物研究所,290,2019-01至2023-12
2018,重点项目,A01,256,31830030,C1003,工程化心肌组织仿生制造与心梗移植修复研究,王常勇,中国人民解放军军事科学院军事医学研究院,285,2019-01至2023-12
2018,重点项目,A01,257,41830535,D0604,基于化学生态效应的珊瑚礁药用生物新资源发现,王长云,中国海洋大学,302,2019-01至2023-12
2018,重点项目,A01,258,11831005,A010301,共形几何与不变量理论,王长平,福建师范大学,250,2019-01至2023-12
2018,重点项目,A01,259,11835009,A050106,基于重子声学振荡信号的宇宙学前沿问题理论研究,王斌,扬州大学,300,2019-01至2023-12
2018,重点项目,A01,260,11832019,A020102,量子材料微观压电理论和实验研究,王彪,中山大学,310,2019-01至2023-12
2018,重点项目,A01,261,81830088,H1615,RNA可变剪接在肿瘤放疗抵抗中的功能及作用机制研究,汪洋,大连医科大学,293,2019-01至2023-12
2018,重点项目,A01,262,31830078,C1501,SlBZR1及其互作网络调控番茄果实品质的分子机理,汪俏梅,浙江大学,290,2019-01至2023-12
2018,重点项目,A01,263,81830015,H0203,核转录因子巯基亚硝基化修饰在血管稳态及损伤中的作用,汪南平,大连医科大学,293,2019-01至2023-12
2018,重点项目,A01,264,81830074,H2006,HPV整合致癌的分子机制及其在宫颈癌筛查中的应用研究,汪辉,华中科技大学,294,2019-01至2023-12
2018,重点项目,A01,265,11834006,A040201,磁性拓扑量子态的数值计算理论研究,万贤纲,南京大学,310,2019-01至2023-12
2018,重点项目,A01,266,31830012,C030803,降水季节变化对温带半干旱草原碳汇和稳定性的影响,万师强,河南大学,287,2019-01至2023-12
2018,重点项目,A01,267,31830064,C130501,水稻蛋白品质形成关键基因的挖掘利用,万建民,中国农业科学院作物科学研究所,296,2019-01至2023-12
2018,重点项目,A01,268,71833003,G030802,新时期扶贫开发理论与政策研究,万广华,复旦大学,240,2019-01至2023-12
2018,重点项目,A01,269,51833001,E0309,螺旋聚合物手性材料的分子设计、多级结构调控及性质与功能,宛新华,北京大学,301,2019-01至2023-12
2018,重点项目,A01,270,41830106,D0513,大气HONO、HNO3、NH3在线检测新技术的开发及外场观测的应用研究,佟胜睿,中国科学院化学研究所,304,2019-01至2023-12
2018,重点项目,A01,271,21835001,B05,高效超分子发光体系的构筑、调控及功能,田文晶,吉林大学,302.5,2019-01至2023-12
2018,重点项目,A01,272,51833002,E0307,纤维的环保浸渍处理及其复合材料的界面粘合性能调控机理研究,田明,北京化工大学,299,2019-01至2023-12
2018,重点项目,A01,273,81830103,H31,质粒介导多粘菌素耐药新机制MCR-1的传播和进化及抑制剂研究,田国宝,中山大学,294,2019-01至2023-12
2018,重点项目,A01,274,71832005,G0207,经济转型与国际化背景下品牌建设的理论创新研究,滕乐法,江南大学,240,2019-01至2023-12
2018,重点项目,A01,275,41830859,D0217,矿物及地球化学条件对矿物界面的微生物行为及土壤胞外酶稳定性影响研究,滕辉,天津大学,311,2019-01至2023-12
2018,重点项目,A01,276,51836005,E0603,车用质子交换膜燃料电池堆多尺度模拟方法及测试技术研究,陶文铨,西安交通大学,310,2019-01至2023-12
2018,重点项目,A01,277,41830641,D070801,中国居民生活源大气污染物排放的环境效应与健康风险模拟,陶澍,北京大学,319,2019-01至2023-12
2018,重点项目,A01,278,61831022,F011102,连续状态空间个性化语音情感识别,陶建华,中国科学院自动化研究所,291,2019-01至2023-12
2018,重点项目,A01,279,31830090,C1701,Hippo/Wnt通路交互作用及三维调控影响猪瘦肉量性状形成的分子机制,唐中林,中国农业科学院农业基因组研究所,289,2019-01至2023-12
2018,重点项目,A01,280,81830118,H27,基于C1orf106/,CYTH-1/AFR6通路的IBS-D和UC湿热证与肠道菌群相关性及清热利湿经典方剂干预机制研究,唐旭东,中国中医科学院西苑医院,294,2019-01至2023-12
2018,重点项目,A01,281,11832001,A020317,数据驱动多尺度材料设计的聚类分析方法研究,唐少强,北京大学,280,2019-01至2023-12
2018,重点项目,A01,282,71831003,G0112,O2O模式下即时配送服务运作管理的理论与方法,唐加福,东北财经大学,245.48,2019-01至2023-12
2018,重点项目,A01,283,61832013,F0207,软件定义的天地一体化信息网络理论与关键技术,唐飞龙,上海交通大学,278,2019-01至2023-12
2018,重点项目,A01,284,31830077,C1409,小麦NLR免疫受体调控植物免疫的分子机理,唐定中,福建农林大学,285,2019-01至2023-12
2018,重点项目,A01,285,81830048,H1005,脓毒症的免疫代谢分子机制,唐道林,广州医科大学,294,2019-01至2023-12
2018,重点项目,A01,286,21838002,B080701,含氮杂环鬼臼类候选药物人工合成途径的体内组装,汤亚杰,湖北工业大学,315,2019-01至2023-12
2018,重点项目,A01,287,41830107,D0404,基于物性约束的广域电磁法自适应三维反演与岩性识别方法研究,汤井田,中南大学,297,2019-01至2023-12
2018,重点项目,A01,288,81830094,H1603,HPV,,E6/E7调控METTL3所介导的m6A-RNA在宫颈癌细胞中的作用与机制研究,汤华,天津医科大学,293,2019-01至2023-12
2018,重点项目,A01,289,41830429,D0404,东天山矿集区地壳深部结构地球物理三维解析,谭捍东,中国地质大学（北京）,303,2019-01至2023-12
2018,重点项目,A01,290,31830105,C210206,人工单染色体酿酒酵母的合成生物学基础研究,覃重军,中国科学院上海生命科学研究院,300,2019-01至2023-12
2018,重点项目,A01,291,21833008,B0307,高分子非平衡自组装结构与机制的理论模拟研究,孙昭艳,中国科学院长春应用化学研究所,315,2019-01至2023-12
2018,重点项目,A01,292,11831013,A010207,模空间理论及其应用,孙笑涛,天津大学,220,2019-01至2023-12
2018,重点项目,A01,293,81830085,H16,癌胚剪接因子MBNL3所诱导的RNA可变剪接在肝癌发生发展过程中的作用及机制研究,孙树汉,中国人民解放军第二军医大学,293,2019-01至2023-12
2018,重点项目,A01,294,61833006,F0306,面向载人航天器生命、健康和安全保障的全固态气体传感器阵列研究,孙鹏,吉林大学,290,2019-01至2023-12
2018,重点项目,A01,295,11832004,A020403,极小昆虫飞行的运动学观测及空气动力学、力能学和飞行力学研究,孙茂,北京航空航天大学,280,2019-01至2023-12
2018,重点项目,A01,296,81830042,H04,胎膜表达的血清淀粉样蛋白A1在无菌性炎症和分娩启动中的作用,孙刚,上海交通大学,291,2019-01至2023-12
2018,重点项目,A01,297,31830020,C050101,蛋白质机器冷冻电镜原位结构解析,孙飞,中国科学院生物物理研究所,287,2019-01至2023-12
2018,重点项目,A01,298,81830098,H2401,不同程度水碘暴露与甲状腺疾病发病关系及其机制研究,孙殿军,哈尔滨医科大学,294,2019-01至2023-12
2018,重点项目,A01,299,31830065,C130501,栽培稻驯化过程中穗粒数增加的分子机理研究,孙传清,中国农业大学,296,2019-01至2023-12
2018,重点项目,A01,300,61835008,F050202,面向片上光互连的硅基亚波长光栅器件研究,苏翼凯,上海交通大学,289,2019-01至2023-12
2018,重点项目,A01,301,11834010,A040408,光学薛定谔猫态的制备、操控和应用,苏晓龙,山西大学,320,2019-01至2023-12
2018,重点项目,A01,302,21838001,B0807,复杂底物人工共生多细胞体系可控构建与菌群协作机制,苏海佳,北京化工大学,315,2019-01至2023-12
2018,重点项目,A01,303,11834014,A0402,量子多体计算新方法发展及其应用,苏刚,中国科学院大学,310,2019-01至2023-12
2018,重点项目,A01,304,61833014,F030804,面向故障诊断的流程工业大数据分析与分布式建模方法,宋执环,浙江大学,284,2019-01至2023-12
2018,重点项目,A01,305,51834005,E0403,驱油相自扩大波及体积提高采收率新方法,宋考平,东北石油大学,298,2019-01至2023-12
2018,重点项目,A01,306,41830533,D0601,海洋上界面过程对海气通量的影响,宋金宝,浙江大学,300,2019-01至2023-12
2018,重点项目,A01,307,11832008,A0205,力学微环境调控肝癌干细胞募集/转移的机制,宋关斌,重庆大学,320,2019-01至2023-12
2018,重点项目,A01,308,51837002,E070503,电网大规模实测过电压统计分布特性及其对典型绝缘影响的基础研究,司马文霞,重庆大学,300,2019-01至2023-12
2018,重点项目,A01,309,41830318,D0312,矿山酸性废水中微生物-矿物相互作用与砷、汞甲基化研究,束文圣,华南师范大学,296,2019-01至2023-12
2018,重点项目,A01,310,71831004,G0111,供应链网络设计的优化理论和方法,舒嘉,东南大学,230,2019-01至2023-12
2018,重点项目,A01,311,61832011,F020403,新型分布式存储系统的高可靠性关键技术研究,舒继武,清华大学,286,2019-01至2023-12
2018,重点项目,A01,312,31830024,C0802,ZCCHC3在抗病毒天然免疫识别及信号转导中的功能及作用机制,舒红兵,武汉大学,292,2019-01至2023-12
2018,重点项目,A01,313,31830096,C180202,猪新型冠状病毒病原生物学研究,石正丽,中国科学院武汉病毒研究所,290,2019-01至2023-12
2018,重点项目,A01,314,31830005,C020303,红树多物种趋同适应性进化的基因组机制研究,施苏华,中山大学,290,2019-01至2023-12
2018,重点项目,A01,315,61836004,F060708,通用类脑计算架构模型与方法研究,施路平,清华大学,287,2019-01至2023-12
2018,重点项目,A01,316,21835007,B050404,基于介孔纳米颗粒催化反应的肿瘤非毒化学治疗,施剑林,中国科学院上海硅酸盐研究所,300,2019-01至2023-12
2018,重点项目,A01,317,81830038,H0906,脑出血后小胶质细胞与脑水肿发生的机制和临床意义,施福东,首都医科大学,300,2019-01至2023-12
2018,重点项目,A01,318,11834011,A0402,新型钙钛矿/硅异质结两端叠层太阳电池物理与器件研究,沈文忠,上海交通大学,310,2019-01至2023-12
2018,重点项目,A01,319,51837010,E070701,高效大功率高速永磁电机的设计与控制理论及应用研究,沈建新,浙江大学,300,2019-01至2023-12
2018,重点项目,A01,320,51833008,E031002,酶响应电荷反转聚合物的设计与高疗效抗肿瘤纳米药物的构建,申有青,浙江大学,300,2019-01至2023-12
2018,重点项目,A01,321,11831008,A0111,多源异构数据的融合、特征提取与分析方法,邵军,华东师范大学,255,2019-01至2023-12
2018,重点项目,A01,322,51839006,E090201,干旱区灌区水-农业-自然生态复合系统稳定性与空间格局优化,尚松浩,清华大学,300,2019-01至2023-12
2018,重点项目,A01,323,61832002,F020505,面向社会热点事件感知的异构多源社会媒体大数据分析,桑基韬,北京交通大学,277,2019-01至2023-12
2018,重点项目,A01,324,61831001,F012201,微纳强流真空电子光学系统的集成方法与关键技术,阮存军,北京航空航天大学,280,2019-01至2023-12
2018,重点项目,A01,325,31830046,C060506,端粒保护对基因组稳定性维护的表观遗传机制,容益康,中山大学,282,2019-01至2023-12
2018,重点项目,A01,326,51831006,E0105,应变玻璃及其奇异性能,任晓兵,西安交通大学,304,2019-01至2023-12
2018,重点项目,A01,327,41830537,D0603,南海北部陆缘临界破裂过程、深水盆地发育及其构造地层记录,任建业,中国地质大学（武汉）,302,2019-01至2023-12
2018,重点项目,A01,328,21834005,B040403,活细胞内多种生物分子时空信息同时获取的新方法及其应用,任吉存,上海交通大学,315,2019-01至2023-12
2018,重点项目,A01,329,31830080,C1501,黄瓜果刺的系统发育调控,任华中,中国农业大学,280,2019-01至2023-12
2018,重点项目,A01,330,61835009,F0512,基于非线性光学成像的神经元和胶质细胞光生物调节机制研究,屈军乐,深圳大学,294,2019-01至2023-12
2018,重点项目,A01,331,81830013,H0203,趋炎高密度脂蛋白通过调控蛋白质和microRNA损伤血管内皮功能的机制,区景松,中山大学,293,2019-01至2023-12
2018,重点项目,A01,332,41830424,D0207,四川盆地构造-热演化及其对震旦-寒武系天然气成藏的约束,邱楠生,中国石油大学（北京）,304,2019-01至2023-12
2018,重点项目,A01,333,61835015,F0512,调控血管靶向光动力治疗实时在体光学相干成像造影关键技术研究,邱海霞,中国人民解放军总医院,278,2019-01至2023-12
2018,重点项目,A01,334,81830084,H16,干预关键代谢靶点协同癌蛋白MYC选择性致死肿瘤细胞的分子机制研究,卿国良,武汉大学,297,2019-01至2023-12
2018,重点项目,A01,335,61833002,F0304,高速列车运行风险评估及调控基础理论与方法,秦勇,北京交通大学,284,2019-01至2023-12
2018,重点项目,A01,336,31830043,C1111,线粒体翻译异常导致的疾病中的代谢重塑与功能的分子机制研究,秦燕,中国科学院生物物理研究所,295,2019-01至2023-12
2018,重点项目,A01,337,41830430,D0205,塔里木地幔柱的影响范围及其成矿多样性,秦克章,中国科学院地质与地球物理研究所,299,2019-01至2023-12
2018,重点项目,A01,338,81830018,H0310,干扰素-Apol9通路在结肠炎病理中发挥作用的细胞与分子机制,钱友存,中国科学院上海生命科学研究院,294,2019-01至2023-12
2018,重点项目,A01,339,21831006,B0102,高压化学反应制备介稳相材料,钱逸泰,中国科学技术大学,298,2019-01至2023-12
2018,重点项目,A01,340,81830006,H0818,新型溶瘤病毒为基础多靶点治疗DLBCL的免疫疗法策略研究,钱文斌,浙江大学,294,2019-01至2023-12
2018,重点项目,A01,341,41831289,D070202,基岩裂隙水非达西流与溶质非费克运移机制及其升尺度模型,钱家忠,合肥工业大学,303,2019-01至2023-12
2018,重点项目,A01,342,31830023,C0802,记忆B细胞发育与功能研究,祁海,清华大学,299,2019-01至2023-12
2018,重点项目,A01,343,81830099,H2401,慢性饮水型砷暴露对2型糖尿病的促发机制以及评价和防治方法研究,皮静波,中国医科大学,294,2019-01至2023-12
2018,重点项目,A01,344,11831009,A010601,非光滑变分理论及其在椭圆型偏微分方程中的应用,彭双阶,华中师范大学,250,2019-01至2023-12
2018,重点项目,A01,345,61831002,F0104,面向智能服务的雾无线接入网络动态协同理论与关键技术,彭木根,北京邮电大学,287,2019-01至2023-12
2018,重点项目,A01,346,31830113,C0713,唾液蛋白mLeg1调控高脂食物诱导的肥胖症的机制研究,彭金荣,浙江大学,279,2019-01至2023-12
2018,重点项目,A01,347,61833011,F030104,工业炉窑燃烧场重构及能效优化控制,彭晨,上海大学,285,2019-01至2023-12
2018,重点项目,A01,348,31830060,C120404,c-Jun/AP-1家族因子介导细胞命运转变的机制研究,裴端卿,中国科学院广州生物医药与健康研究院,277,2019-01至2023-12
2018,重点项目,A01,349,61835014,F0509,新型紫外非线性光学晶体的制备及激光性能研究,潘世烈,中国科学院新疆理化技术研究所,301,2019-01至2023-12
2018,重点项目,A01,350,51831009,E010504,金属氢化物在全固态锂离子电池中的应用基础,潘洪革,浙江大学,300,2019-01至2023-12
2018,重点项目,A01,351,31830029,C1003,运动系统复杂连接结构的高清解析与精准再生,欧阳宏伟,浙江大学,287,2019-01至2023-12
2018,重点项目,A01,352,81830041,H04,以胎盘G蛋白偶联受体为靶点的子痫前期病理生理机制研究及再分型：母子两代心血管代谢风险防控新策略,牛建民,南方医科大学,294,2019-01至2023-12
2018,重点项目,A01,353,41830426,D0304,石英脉型黑钨矿床成矿流体与成矿机制的精细解剖,倪培,南京大学,302,2019-01至2023-12
2018,重点项目,A01,354,21833003,B0303,极紫外激光研究典型小分子超激化态光谱及超快动力学,莫宇翔,清华大学,300,2019-01至2023-12
2018,重点项目,A01,355,61836005,F060104,类人任务规划、推理及其验证系统的研究和应用,明仲,深圳大学,287,2019-01至2023-12
2018,重点项目,A01,356,11831004,A0105,限制性猜想的相关研究及其应用,苗长兴,北京应用物理与计算数学研究所,250,2019-01至2023-12
2018,重点项目,A01,357,61833009,F030711,网络化微航天器系统架构建模及自主协同控制研究,孟子阳,清华大学,286,2019-01至2023-12
2018,重点项目,A01,358,81830049,H1005,NLRP3炎症小体和共生菌群在控制流感病毒感染中的协同作用与机制研究,孟广勋,中国科学院上海巴斯德研究所,294,2019-01至2023-12
2018,重点项目,A01,359,21837006,B070202,基于溶液结构的四链体核酸功能的铂配合物调控,毛宗万,中山大学,300,2019-01至2023-12
2018,重点项目,A01,360,61831009,F0112,超大孔径超稀疏多站地基短波辐射源精确定位理论及方法,毛兴鹏,哈尔滨工业大学,283,2019-01至2023-12
2018,重点项目,A01,361,61831016,F0120,毫米波异质集成电路设计理论与实现方法研究,毛军发,上海交通大学,297,2019-01至2023-12
2018,重点项目,A01,362,51832004,E021002,分级介孔纳米线钾离子电池正极材料的表界面调控及原位作用机制,麦立强,武汉理工大学,300,2019-01至2023-12
2018,重点项目,A01,363,11835010,A050608,Tokamak中的高能量粒子驱动的模以及与磁流体不稳定性相互作用,马志为,浙江大学,300,2019-01至2023-12
2018,重点项目,A01,364,31830089,C0409,候鸟迁徙活动的稳定性及其对环境变化的响应：以两种鹬类为例,马志军,复旦大学,285,2019-01至2023-12
2018,重点项目,A01,365,21833004,B030101,多体格林函数理论方法的发展及其在激发态能量转换机制研究中的应用,马玉臣,山东大学,305,2019-01至2023-12
2018,重点项目,A01,366,51836002,E060304,超薄液膜的快速铺展和涟漪波动及其强化热质传递机理的研究,马学虎,大连理工大学,310,2019-01至2023-12
2018,重点项目,A01,367,81830016,H03,肠道微生态调控黏膜相关恒定T细胞免疫功能介导非酒精性脂肪性肝病发生发展的机制研究,马雄,上海交通大学,294,2019-01至2023-12
2018,重点项目,A01,368,41830650,D010105,青藏高原典型内陆湖水面蒸发观测研究,马伟强,中国科学院青藏高原研究所,303,2019-01至2023-12
2018,重点项目,A01,369,41830648,D010702,西南地区复杂地表陆表过程观测与模拟研究,马明国,西南大学,292,2019-01至2023-12
2018,重点项目,A01,370,61831017,F0122,基于新型磁介多功能电子材料的微波器件及电路研究,马凯学,天津大学,285,2019-01至2023-12
2018,重点项目,A01,371,21838007,B081104,超分子结构设计与制革过程强化,马建中,陕西科技大学,315,2019-01至2023-12
2018,重点项目,A01,372,41831293,D0705,海底采矿对地质环境的胁迫影响与致灾机理,马凤山,中国科学院地质与地球物理研究所,304,2019-01至2023-12
2018,重点项目,A01,373,21831009,B010306,三类复杂天然产物的汇聚式全合成研究,马大为,中国科学院上海有机化学研究所,327,2019-01至2023-12
2018,重点项目,A01,374,81830017,H03,肠道菌群调控肝脏免疫微环境阻断HBV慢性感染进程的作用与机制研究,马春红,山东大学,293,2019-01至2023-12
2018,重点项目,A01,375,31830007,C020406,糖酵解途径介导植物盐胁迫应答机制研究,吕应堂,武汉大学,282,2019-01至2023-12
2018,重点项目,A01,376,71833002,G0305,国家治理视角下公共服务供给的财政制度研究,吕炜,东北财经大学,230.3,2019-01至2023-12
2018,重点项目,A01,377,81830071,H20,氧化磷酸化复合体功能缺陷型线粒体病的精准诊断防治分子标志物研究,吕建新,杭州医学院,293,2019-01至2023-12
2018,重点项目,A01,378,61836006,F060709,基于脑成像的视听深度神经网络构建与应用,吕建成,四川大学,291,2019-01至2023-12
2018,重点项目,A01,379,41830322,D0709,长江流域稻作农业起源与环境变化关系的微体化石研究,吕厚远,中国科学院地质与地球物理研究所,309,2019-01至2023-12
2018,重点项目,A01,380,61834009,F040807,神经形态器件与芯片集成基础研究,吕杭炳,中国科学院微电子研究所,290,2019-01至2023-12
2018,重点项目,A01,381,41830752,D070201,淮河流域遥感土壤水分数据产品验证及暴雨洪水数据同化系统构建,吕海深,河海大学,298,2019-01至2023-12
2018,重点项目,A01,382,71831006,G0112,物联网环境下的服务开发与设计优化研究,雒兴刚,杭州电子科技大学,230,2019-01至2023-12
2018,重点项目,A01,383,41831287,D0707,水环境典型耐药基因污染特征、传播扩散以及健康效应研究,罗义,南开大学,305,2019-01至2023-12
2018,重点项目,A01,384,41830649,D010104,青藏高原典型高山草线的形成和变化机制,罗天祥,中国科学院青藏高原研究所,306,2019-01至2023-12
2018,重点项目,A01,385,21833010,B030403,深紫外非线性光学晶体材料结构设计和性能研究,罗军华,中国科学院福建物质结构研究所,300,2019-01至2023-12
2018,重点项目,A01,386,11834005,A0402,混合量子系统:,量子多体问题的构筑单元,罗洪刚,兰州大学,310,2019-01至2023-12
2018,重点项目,A01,387,51831002,E010102,复相组织超高强高韧钢中多类型析出强化及相变强化耦合机制研究,罗海文,北京科技大学,296,2019-01至2023-12
2018,重点项目,A01,388,51837005,E070602,大功率电声高效换能机理与控制方法研究,罗安,湖南大学,300,2019-01至2023-12
2018,重点项目,A01,389,21838004,B0801,纳微界面传递的分子热力学机制,陆小华,南京工业大学,315,2019-01至2023-12
2018,重点项目,A01,390,31830071,C200602,冷害影响采后香蕉果实成熟和品质形成过程中MYB转录因子的调控网络解析,陆旺金,华南农业大学,284,2019-01至2023-12
2018,重点项目,A01,391,61832008,F0207,自主协同的多模态感知及融合机制研究,陆桑璐,南京大学,283,2019-01至2023-12
2018,重点项目,A01,392,81830097,H1103,微生态介导的CD4+TRM细胞异常分化活化及免疫微环境改变在系统性红斑狼疮发生发展中的作用及机制研究,陆前进,中南大学,294,2019-01至2023-12
2018,重点项目,A01,393,41830428,D0304,江南造山带西段多时代含钨锡花岗岩演化及成矿机制,陆建军,南京大学,304,2019-01至2023-12
2018,重点项目,A01,394,51836008,E060202,超高负荷低压涡轮内部流动机理及设计方法研究,卢新根,中国科学院工程热物理研究所,300,2019-01至2023-12
2018,重点项目,A01,395,31830085,C040302,青藏高原地山雀交配系统的地理变异及进化机制,卢欣,武汉大学,282,2019-01至2023-12
2018,重点项目,A01,396,61833004,F0308,知识和数据驱动的氧化铝生产过程协调优化控制及应用验证,卢绍文,东北大学,284,2019-01至2023-12
2018,重点项目,A01,397,61831011,F0123,面向燃料电池汽车的高性能车载气体传感器的构建,卢革宇,吉林大学,286,2019-01至2023-12
2018,重点项目,A01,398,51838012,E080802,输电塔线体系风致耦合场作用效应及抗风防灾研究,楼文娟,浙江大学,305,2019-01至2023-12
2018,重点项目,A01,399,21834001,B040204,单分子界面精准测量生物分子动态相互作用,龙亿涛,华东理工大学,315,2019-01至2023-12
2018,重点项目,A01,400,11834015,A040306,基于激光诱导电子再碰撞的分子超快成像研究,柳晓军,中国科学院武汉物理与数学研究所,320,2019-01至2023-12
2018,重点项目,A01,401,11835003,A050105,基于大数据的网络动力学与统计物理及其在脑功能微观机制方面的应用,刘宗华,华东师范大学,300,2019-01至2023-12
2018,重点项目,A01,402,71832004,G020202,基于跨界共享的组织竞合与突破性创新机制研究,刘智强,华中科技大学,240,2019-01至2023-12
2018,重点项目,A01,403,21834003,B040102,特征结构印迹纳米材料的制备及其在重大疾病诊断与治疗中的应用,刘震,南京大学,315,2019-01至2023-12
2018,重点项目,A01,404,31830075,C1405,稻飞虱对新烟碱类杀虫剂代谢抗性的遗传调控机制,刘泽文,南京农业大学,287,2019-01至2023-12
2018,重点项目,A01,405,41830645,D0107,大数据支持下的空间交互网络理论及分析方法研究,刘瑜,北京大学,296,2019-01至2023-12
2018,重点项目,A01,406,11832003,A020501,冠脉狭窄与心肌缺血定量关系的生物力学研究,刘有军,北京工业大学,320,2019-01至2023-12
2018,重点项目,A01,407,71832008,G020703,移动互联网时代的全渠道营销研究,刘益,上海交通大学,240,2019-01至2023-12
2018,重点项目,A01,408,61835006,F0502,公里级低损耗空芯光子带隙光纤制备及传输理论与关键技术研究,刘艳格,南开大学,283,2019-01至2023-12
2018,重点项目,A01,409,51831011,E010503,新型牙种植体用钛合金及其表面构建机制,刘宣勇,中国科学院上海硅酸盐研究所,300,2019-01至2023-12
2018,重点项目,A01,410,81830056,H1803,脑卒中相关血管床粥样硬化斑块的快速磁共振成像及智能诊断研究,刘新,中国科学院深圳先进技术研究院,294,2019-01至2023-12
2018,重点项目,A01,411,11833006,A0302,银河系的形成和演化：基于LAMOST和Gaia的精细结构及其化学动力学性质研究,刘晓为,云南大学,320,2019-01至2023-12
2018,重点项目,A01,412,11834008,A040503,生物组织光声断层成像中的几个关键科学问题研究,刘晓峻,南京大学,320,2019-01至2023-12
2018,重点项目,A01,413,41830966,D0509,中国东部气溶胶与天气-气候相互作用机制及其对大气重污染影响的模拟研究,刘小红,中国科学院大气物理研究所,305,2019-01至2023-12
2018,重点项目,A01,414,71832012,G0214,中国企业国际化与制度演进,刘夏明,西南财经大学,235,2019-01至2023-12
2018,重点项目,A01,415,61835013,F0505,基于超冷里德堡原子的量子精密测量,刘伍明,中国科学院物理研究所,302,2019-01至2023-12
2018,重点项目,A01,416,21833001,B030101,强关联电子体系的新方法,刘文剑,北京大学,305,2019-01至2023-12
2018,重点项目,A01,417,51835012,E050501,空间固体-油脂复合润滑体系的构筑及其摩擦表面/界面行为与调控,刘维民,中国科学院兰州化学物理研究所,300,2019-01至2023-12
2018,重点项目,A01,418,71832003,G0204,共享理念下的多元雇佣：合作型人才管理理论建构与作用机理研究,刘善仕,华南理工大学,240,2019-01至2023-12
2018,重点项目,A01,419,51835002,E050101,空间大型薄膜无铰链轻质可展机构设计理论与方法,刘荣强,哈尔滨工业大学,300,2019-01至2023-12
2018,重点项目,A01,420,31830109,C0513,PIWI-ins元件在PIWI/piRNA调控和男性不育中的功能机制研究,刘默芳,中国科学院上海生命科学研究院,296,2019-01至2023-12
2018,重点项目,A01,421,81830025,H0704,胰岛素生物合成异常所致β细胞去特征化、去分化和转分化的分子机制,刘铭,天津医科大学,294,2019-01至2023-12
2018,重点项目,A01,422,81830083,H16,KRAS与肿瘤微环境关键调控GPCR的协同致死效应与分子机制研究,刘明耀,华东师范大学,293,2019-01至2023-12
2018,重点项目,A01,423,81830065,H1504,周细胞对严重创伤休克血管反应性和血管通透性的协同调控及保护机制,刘良明,中国人民解放军第三军医大学,293,2019-01至2023-12
2018,重点项目,A01,424,61834002,F0402,动态可重构芯片关键技术,刘雷波,清华大学,283,2019-01至2023-12
2018,重点项目,A01,425,51838013,E0804,资源化为核心的可持续乡村污水及污泥处理系统与关键技术原理研究,刘俊新,中国科学院生态环境研究中心,300,2019-01至2023-12
2018,重点项目,A01,426,61835011,F0504,甚长波红外量子级联探测器关键技术研究,刘俊岐,中国科学院半导体研究所,289,2019-01至2023-12
2018,重点项目,A01,427,31830050,C0708,代谢调控血小板衰老死亡的分子机制,刘俊岭,上海交通大学,288,2019-01至2023-12
2018,重点项目,A01,428,31830095,C180202,禽C型偏肺病毒感染的分子致病机制,刘爵,北京市农林科学院,292,2019-01至2023-12
2018,重点项目,A01,429,51834001,E0411,金属矿全尾砂膏体绿色处置流变特性及固结行为,刘娟红,北京科技大学,300,2019-01至2023-12
2018,重点项目,A01,430,81830080,H16,基于人工智能与表位肽预测融合排序的肿瘤个体化抗原肽组合及其疫苗研究,刘杰,复旦大学,293,2019-01至2023-12
2018,重点项目,A01,431,31830099,C180701,黏菌素耐药质粒与其宿主菌的适应性进化机制,刘健华,华南农业大学,287,2019-01至2023-12
2018,重点项目,A01,432,81830115,H27,基于整体观和辨证论治复杂干预的中医疗效评价关键技术和结局指标研究,刘建平,北京中医药大学,293,2019-01至2023-12
2018,重点项目,A01,433,61834008,F0403,大功率氮化镓绿光激光器的材料生长与物理机制,刘建平,中国科学院苏州纳米技术与纳米仿生研究所,294,2019-01至2023-12
2018,重点项目,A01,434,41830862,D0706,河水-地下水交互带铁的生物地球化学转化及其截污机制,刘慧,中国地质大学（武汉）,300,2019-01至2023-12
2018,重点项目,A01,435,71832006,G0202,变革环境下的组织变革及其管理研究,刘洪,南京大学,225.86,2019-01至2023-12
2018,重点项目,A01,436,41831282,D0706,地震环境下陆域吹填珊瑚礁砂液化机理与微生物加固研究,刘汉龙,重庆大学,306,2019-01至2023-12
2018,重点项目,A01,437,31830091,C170401,生殖系统局部合成褪黑素促进猪早期妊娠的机理研究,刘国世,中国农业大学,282,2019-01至2023-12
2018,重点项目,A01,438,71833001,G0302,精准健康扶贫的经济学实验：基于四川凉山的干预研究,刘国恩,北京大学,235,2019-01至2023-12
2018,重点项目,A01,439,31830061,C120104,造血干细胞发育的动态表观遗传调控,刘峰,中国科学院动物研究所,287,2019-01至2023-12
2018,重点项目,A01,440,61833007,F0308,微生物制造过程生长代谢估计及在线监测调控,刘飞,江南大学,283,2019-01至2023-12
2018,重点项目,A01,441,41830427,D0208,煤层气储层流体微观动力学机理研究,刘大锰,中国地质大学（北京）,301,2019-01至2023-12
2018,重点项目,A01,442,31830003,C010603,结核分枝杆菌调控宿主细胞自噬的分子机制,刘翠华,中国科学院微生物研究所,289,2019-01至2023-12
2018,重点项目,A01,443,41830861,D070202,过渡带和界面水文生物地球化学的动力学过程及其对地球关键带物质组分迁移转化的影响机制,刘崇炫,南方科技大学,290,2019-01至2023-12
2018,重点项目,A01,444,61835005,F0503,基于编码调制的超高速超长距离光传输系统关键问题研究,刘博,南京信息工程大学,288,2019-01至2023-12
2018,重点项目,A01,445,31830006,C020303,新形成异源多倍体小麦减数分裂染色体稳定性快速适应性进化的遗传基础和分子机制,刘宝,东北师范大学,298,2019-01至2023-12
2018,重点项目,A01,446,21836002,B060106,纳米材料表界面调控及其在有毒重金属分离回收中的应用基础研究,林璋,华南理工大学,330,2019-01至2023-12
2018,重点项目,A01,447,51831001,E010101,电子束选区熔化高温TiAl合金相变及强韧化机理研究,林均品,北京科技大学,300,2019-01至2023-12
2018,重点项目,A01,448,51833003,E0314,有机/无机杂化大分子的自组装结构与相关性能研究,林嘉平,华东理工大学,300,2019-01至2023-12
2018,重点项目,A01,449,11835011,A050101,量子体系的动力学与非线性机制的研究,林机,浙江师范大学,300,2019-01至2023-12
2018,重点项目,A01,450,51836001,E060702,自然生物系统高效转化生物质过程仿生原理及方法,廖强,重庆大学,310,2019-01至2023-12
2018,重点项目,A01,451,31830097,C180202,H9N2亚型禽流感病毒激活鸡T细胞免疫应答的分子机制,廖明,华南农业大学,285,2019-01至2023-12
2018,重点项目,A01,452,41831288,D0203,多金属矿山尾矿渗滤液复杂污染物的原位修复及机理研究,廖立兵,中国地质大学（北京）,297,2019-01至2023-12
2018,重点项目,A01,453,31830083,C150701,大豆氮磷协同高效与高产优质关联的生理遗传机制,廖红,福建农林大学,281,2019-01至2023-12
2018,重点项目,A01,454,21833006,B030101,复杂分子体系激发态电子结构和量子动力学理论计算方法的发展及应用,梁万珍,厦门大学,305,2019-01至2023-12
2018,重点项目,A01,455,81830089,H1617,多功能纳米载体介导肝癌免疫微环境的靶向协同作用和机制研究,梁廷波,浙江大学,293,2019-01至2023-12
2018,重点项目,A01,456,51834009,E0417,高强韧高导大尺寸铜基复合材料的制备基础研究,梁淑华,西安理工大学,300,2019-01至2023-12
2018,重点项目,A01,457,81830004,H0816,TLR4通路介导的内皮细胞激活促进CART细胞治疗相关sCRS的发生,梁爱斌,同济大学,293,2019-01至2023-12
2018,重点项目,A01,458,51834004,E0412,镁合金在线、原位、传感测氢及关键问题研究,厉英,东北大学,300,2019-01至2023-12
2018,重点项目,A01,459,41830102,D0607,基于类群分辨的海洋浮游植物固碳遥感机理与方法研究,李忠平,厦门大学,306,2019-01至2023-12
2018,重点项目,A01,460,51837003,E070201,非线性绝缘电介质暂态介电特性表征、测试技术及暂态介电机理研究,李忠华,哈尔滨理工大学,300,2019-01至2023-12
2018,重点项目,A01,461,11835008,A050509,X射线成像和能谱分析的多通道硅漂移探测器阵列研究,李正,湘潭大学,330,2019-01至2023-12
2018,重点项目,A01,462,81830012,H02,外泌体miRNAs介导细胞间应答网络调控心房代谢重构在心房颤动中的作用与机制,李悦,哈尔滨医科大学,298,2019-01至2023-12
2018,重点项目,A01,463,11832015,A020602,非均质材料高速雨滴冲击破坏机理研究,李玉龙,西北工业大学,330,2019-01至2023-12
2018,重点项目,A01,464,31830031,C090101,SUMO/deSUMO修饰在痛痒觉调控中的作用和机制,李勇,上海交通大学,284,2019-01至2023-12
2018,重点项目,A01,465,81830061,H21,钙调氯离子通道对失重性骨丢失的调控作用及机制研究,李英贤,中国航天员科研训练中心,294,2019-01至2023-12
2018,重点项目,A01,466,11831011,A010801,一些双曲系统的动力学性态与机制,李亚纯,上海交通大学,260,2019-01至2023-12
2018,重点项目,A01,467,31830069,C200304,多组学解析浓香型白酒酿造过程中关键酯类物质合成的作用机制,李秀婷,北京工商大学,284,2019-01至2023-12
2018,重点项目,A01,468,41830101,D040901,多辐射源、多分辨地空瞬变电磁深部探测偏移成像理论与方法研究,李貅,长安大学,296,2019-01至2023-12
2018,重点项目,A01,469,61834007,F040709,基于智能化能量获取的自供能自主报警无线传感节点技术,李昕欣,中国科学院上海微系统与信息技术研究所,286,2019-01至2023-12
2018,重点项目,A01,470,81830032,H09,胶质细胞对神经退行性疾病大动物模型脑病理的作用,李晓江,暨南大学,293,2019-01至2023-12
2018,重点项目,A01,471,31830041,C1111,跨代遗传在机体代谢重编程中的作用及机制研究,李小英,复旦大学,272,2019-01至2023-12
2018,重点项目,A01,472,31830054,C0711,线粒体调控溶酶体相关细胞器钙稳态的分子机器,李巍,首都医科大学,296,2019-01至2023-12
2018,重点项目,A01,473,41830539,D0603,晚中新世以来印度洋-太平洋暖池水体交换过程及其气候效应,李铁刚,自然资源部第一海洋研究所,302,2019-01至2023-12
2018,重点项目,A01,474,51839005,E091002,面向振动控制的船舶大型推进轴系智能安装理论与技术,李天匀,华中科技大学,300,2019-01至2023-12
2018,重点项目,A01,475,31830111,C0704,大脑中的内源性干细胞在形成神经血管单元中的作用和机制研究,李思光,同济大学,276,2019-01至2023-12
2018,重点项目,A01,476,41830646,D070106,亚热带人工针叶林植物-土壤反馈对外源养分添加的响应机制,李胜功,中国科学院地理科学与资源研究所,301,2019-01至2023-12
2018,重点项目,A01,477,61833012,F030410,网络化系统分布式实时优化决策理论及应用,李少远,上海交通大学,265,2019-01至2023-12
2018,重点项目,A01,478,41830104,D0515,基于星载双频测雨雷达反演中国雨季降水潜热垂直结构,李锐,中国科学技术大学,299,2019-01至2023-12
2018,重点项目,A01,479,51839007,E0908,低热水泥混凝土拱坝建造理论与技术,李庆斌,清华大学,300,2019-01至2023-12
2018,重点项目,A01,480,31830048,C060603,探究核小体组装维持DNA复制体稳定性的机制,李晴,北京大学,293,2019-01至2023-12
2018,重点项目,A01,481,81830120,H2708,大肠癌湿热证肠道微生态的生物学基础及效应机制,李琦,上海中医药大学,294,2019-01至2023-12
2018,重点项目,A01,482,11834018,A040214,DNA损伤修复中的若干关键物理问题及单分子解决方案,李明,中国科学院物理研究所,310,2019-01至2023-12
2018,重点项目,A01,483,61832019,F020506,高通量蛋白质组学计算的基础理论与算法,李敏,中南大学,281,2019-01至2023-12
2018,重点项目,A01,484,81830073,H2005,基于多组学的乙肝慢加急性肝衰竭预警预测多重分子标志物精准检验方法的研究,李君,浙江大学,294,2019-01至2023-12
2018,重点项目,A01,485,81830082,H16,单泛素化NEMO网络失控促DNA损伤炎症诱发恶性转化的分子机制,李隽,中山大学,293,2019-01至2023-12
2018,重点项目,A01,486,61832003,F020104,大数据分析的计算理论与高效算法,李建中,哈尔滨工业大学,305,2019-01至2023-12
2018,重点项目,A01,487,51838010,E080701,震后功能可恢复桥梁结构新体系与设计理论,李建中,同济大学,280,2019-01至2023-12
2018,重点项目,A01,488,81830116,H27,以COPD临床试验为示范的辨证论治疗效结局测量与评价关键技术研究,李建生,河南中医药大学,294,2019-01至2023-12
2018,重点项目,A01,489,41831281,D0705,地震作用下工程岩体失稳诱灾机制与安全评价研究,李建春,东南大学,301,2019-01至2023-12
2018,重点项目,A01,490,71831007,G0112,O2O模式下即时配送服务运作管理的理论与方法,李建斌,华中科技大学,230,2019-01至2023-12
2018,重点项目,A01,491,31830067,C130505,黄籽羽衣甘蓝和油菜C基因组粒色基因的挖掘利用,李加纳,西南大学,225,2019-01至2023-12
2018,重点项目,A01,492,81830029,H13,小分子化合物协同调控多信号通路激活成年鼠前庭毛细胞再生及机制研究,李华伟,复旦大学,293,2019-01至2023-12
2018,重点项目,A01,493,61836011,F060109,复杂环境下的机器博弈算法与应用,李厚强,中国科学技术大学,286,2019-01至2023-12
2018,重点项目,A01,494,61831005,F011602,图像大数据记忆迁移分析方法与应用,李宏亮,电子科技大学,277,2019-01至2023-12
2018,重点项目,A01,495,41830217,D021101,龙门山断裂带中地震破裂传播机制,李海兵,中国地质科学院地质研究所,306,2019-01至2023-12
2018,重点项目,A01,496,71831005,G0102,在线广告模式与定价策略优化研究,李国鑫,哈尔滨工业大学,230,2019-01至2023-12
2018,重点项目,A01,497,51831010,E0105,弛豫铁电体/铁电玻璃的电极化机制与应用特性研究,李国荣,中国科学院上海硅酸盐研究所,300,2019-01至2023-12
2018,重点项目,A01,498,71832011,G0211,分享经济环境下企业运营与资源配置理论研究,李刚,西安交通大学,235,2019-01至2023-12
2018,重点项目,A01,499,31830100,C190202,凡纳滨对虾抗副溶血弧菌性状的遗传基础及调控机制研究,李富花,中国科学院海洋研究所,290,2019-01至2023-12
2018,重点项目,A01,500,11835016,A0506,强磁场下等离子体输运与约束机理的研究,李定,中国科学院物理研究所,300,2019-01至2023-12
2018,重点项目,A01,501,51835010,E050702,软组织-PEEK-骨共生的植入物设计制造及其功能研究,李涤尘,西安交通大学,300,2019-01至2023-12
2018,重点项目,A01,502,31830106,C010803,大麦条纹花叶病毒γb蛋白促进病毒运动和病毒粒子装配的分子机制研究,李大伟,中国农业大学,291,2019-01至2023-12
2018,重点项目,A01,503,21838003,B080901,微区限域构建二维杂化电催化材料与调控机制,李春忠,华东理工大学,315,2019-01至2023-12
2018,重点项目,A01,504,81830051,H1008,Th17/,Treg免疫平衡调控自身免疫疾病的新策略研究,李斌,上海交通大学,294,2019-01至2023-12
2018,重点项目,A01,505,21833002,B0301,多参考电子相关新方法和线性标度量子化学方法的发展和应用,黎书华,南京大学,315,2019-01至2023-12
2018,重点项目,A01,506,41831070,D041002,中低纬电离层中尺度结构研究,雷久侯,中国科学技术大学,297,2019-01至2023-12
2018,重点项目,A01,507,41830320,D020101,中国南方晚三叠世牙形石演化及生物-环境事件研究,赖旭龙,中国地质大学（武汉）,300,2019-01至2023-12
2018,重点项目,A01,508,21835003,B050406,可拉伸光电功能高分子的设计合成及其性能研究,赖文勇,南京邮电大学,310,2019-01至2023-12
2018,重点项目,A01,509,31830025,C0804,B细胞对肝癌组织免疫微环境的影响及调控机制,邝栋明,中山大学,289,2019-01至2023-12
2018,重点项目,A01,510,31830079,C1501,莴笋膨大肉质茎形成的遗传和分子机理,匡汉晖,华中农业大学,291,2019-01至2023-12
2018,重点项目,A01,511,71831002,G0102,绿色港口与航运网络运营管理优化研究,匡海波,大连海事大学,240,2019-01至2023-12
2018,重点项目,A01,512,61831014,F011701,宽视场层析计算成像理论与关键技术研究,孔令杰,清华大学,291,2019-01至2023-12
2018,重点项目,A01,513,51837008,E0709,等离子体活性物种在气相/液相/细胞内浓度关系及其抗癌效应的研究,孔刚玉,西安交通大学,300,2019-01至2023-12
2018,重点项目,A01,514,81830060,H1821,生物活性载体材料调控干细胞和组织微环境治疗急性肾损伤,孔德领,南开大学,294,2019-01至2023-12
2018,重点项目,A01,515,41830105,D010105,青藏高原东南部冰川储量变化的多源遥感综合观测研究,柯长青,南京大学,305,2019-01至2023-12
2018,重点项目,A01,516,31830059,C120105,心肌细胞成熟调控中的表观遗传机制研究,康九红,同济大学,297,2019-01至2023-12
2018,重点项目,A01,517,31830004,C020103,拟南芥有性生殖过程中RALF小肽及其受体的功能研究,瞿礼嘉,北京大学,295,2019-01至2023-12
2018,重点项目,A01,518,81830027,H1206,遗传和环境因素交互作用于“脉络膜血供减少—巩膜缺氧—成纤维细胞分化—细胞外基质重塑”的核心功能模块导致近视形成,瞿佳,温州医科大学,301,2019-01至2023-12
2018,重点项目,A01,519,41830751,D070104,中国北方旱作农田土壤氧化亚氮产生过程及主要控制因素,巨晓棠,中国农业大学,307,2019-01至2023-12
2018,重点项目,A01,520,51837004,E0704,含主动负荷的综合负荷在线建模基础研究,鞠平,河海大学,270,2019-01至2023-12
2018,重点项目,A01,521,81830053,H18,肝癌智能影像诊断的新技术与新方法,居胜红,东南大学,294,2019-01至2023-12
2018,重点项目,A01,522,11833010,A030801,太阳光球磁场高分辨测量关键技术研究,金振宇,中国科学院云南天文台,320,2019-01至2023-12
2018,重点项目,A01,523,61832006,F020302,面向大数据高效处理的体系结构与关键技术,金海,华中科技大学,288,2019-01至2023-12
2018,重点项目,A01,524,51832005,E020702,基于高通量计算和单颗粒诊断法的新型氮化物发光材料的筛选、发现和应用,解荣军,厦门大学,300,2019-01至2023-12
2018,重点项目,A01,525,31830047,C060603,哺乳动物配子发生和早期胚胎发育中染色质三维结构重编程研究,颉伟,清华大学,293,2019-01至2023-12
2018,重点项目,A01,526,61836009,F060708,类脑认知机器学习与遥感解译应用,焦李成,西安电子科技大学,296,2019-01至2023-12
2018,重点项目,A01,527,31830022,C0802,锰元素调节天然免疫与获得性免疫的发现与机制研究,蒋争凡,北京大学,293,2019-01至2023-12
2018,重点项目,A01,528,31830037,C090201,生物运动信息的视觉加工研究,蒋毅,中国科学院心理研究所,288,2019-01至2023-12
2018,重点项目,A01,529,51835008,E050301,涡扇发动机宽带风扇噪声的声源反演与辐射声场重建理论与方法,蒋伟康,上海交通大学,300,2019-01至2023-12
2018,重点项目,A01,530,61834005,F0402,可编程动态自重构三维阵列芯片体系结构关键技术,蒋林,西安科技大学,290,2019-01至2023-12
2018,重点项目,A01,531,51834007,E0410,易燃易爆危险化学品储运过程重大事故风险防控关键基础问题研究,蒋军成,南京工业大学,300,2019-01至2023-12
2018,重点项目,A01,532,11831006,A010602,算子代数中的几何与分类理论,蒋春澜,河北师范大学,250,2019-01至2023-12
2018,重点项目,A01,533,51839002,E0909,基于数据挖掘的南海岛礁演变机制及多尺度模拟预测技术研究,蒋昌波,长沙理工大学,300,2019-01至2023-12
2018,重点项目,A01,534,21838008,B08,面向烯烃与烷烃分离的有机分子筛膜研究,姜忠义,天津大学,315,2019-01至2023-12
2018,重点项目,A01,535,51834003,E0401,盐矿废弃溶腔综合利用的基础研究,姜德义,重庆大学,303,2019-01至2023-12
2018,重点项目,A01,536,61835003,F050302,基于时—空映射和透镜傅里叶变换的宽带信号时—频分析与处理关键技术研究,江阳,贵州大学,284,2019-01至2023-12
2018,重点项目,A01,537,51839011,E0903,水位大幅波动下鄱阳湖洲滩湿地碳氮耦合生消机制与环境生态效应,江和龙,中国科学院南京地理与湖泊研究所,300,2019-01至2023-12
2018,重点项目,A01,538,41831280,D0705,内孤立波对南海水合物试采区海底面稳定性影响研究,贾永刚,中国海洋大学,304,2019-01至2023-12
2018,重点项目,A01,539,51832002,E0203,碳化硅基复合陶瓷在乙烯裂解制备环境下的组织性能演化规律与机理,贾德昌,哈尔滨工业大学,300,2019-01至2023-12
2018,重点项目,A01,540,11832014,A020305,桥联模型发展的若干基本问题研究,黄争鸣,同济大学,310,2019-01至2023-12
2018,重点项目,A01,541,41831291,D0705,高速非稳态流动土体的冲击致灾机制与韧性防灾研究,黄雨,同济大学,304,2019-01至2023-12
2018,重点项目,A01,542,31830093,C170902,利用基因组编辑技术构建复合型抗病毒的家蚕品系研究,黄勇平,中国科学院上海生命科学研究院,290,2019-01至2023-12
2018,重点项目,A01,543,41830756,D070103,土壤组分互作界面有机碳的固定机制与过程模拟,黄巧云,华中农业大学,308,2019-01至2023-12
2018,重点项目,A01,544,81830014,H0203,转录因子等关键核蛋白的ADP核糖化修饰调节血管平滑肌细胞表型转化的作用和机制研究,黄恺,华中科技大学,293,2019-01至2023-12
2018,重点项目,A01,545,11835002,A050306,高能核核碰撞实验探索手征磁效应和手征涡旋效应,黄焕中,复旦大学,330,2019-01至2023-12
2018,重点项目,A01,546,81830052,H18,代谢影像组学智能预测肺癌靶向耐药的关键技术与应用,黄钢,上海健康医学院,294,2019-01至2023-12
2018,重点项目,A01,547,41831175,D0507,全球变暖背景下海洋的快慢响应过程及对东亚区域气候的影响,黄刚,中国科学院大气物理研究所,302,2019-01至2023-12
2018,重点项目,A01,548,31830084,C0409,榕小蜂群落成员对封闭隐头花序的基因组适应,黄大卫,南开大学,285,2019-01至2023-12
2018,重点项目,A01,549,51836009,E0603,热化学储能系统中多尺度能质转换与传递的耦合与协同,淮秀兰,中国科学院工程热物理研究所,290,2019-01至2023-12
2018,重点项目,A01,550,71831001,G0111,大数据环境下的智慧物流优化理论与方法,华国伟,北京交通大学,235,2019-01至2023-12
2018,重点项目,A01,551,81830100,H2611,基于出生队列的先天性心脏病多因素病因研究,胡志斌,南京医科大学,294,2019-01至2023-12
2018,重点项目,A01,552,21832003,B0204,催化与限域协同促进的高功率长寿命锂硫电池电极材料的构筑、性能及机制,胡征,南京大学,315,2019-01至2023-12
2018,重点项目,A01,553,31830055,C120407,植物细胞全能性的分子调控,胡玉欣,中国科学院植物研究所,285,2019-01至2023-12
2018,重点项目,A01,554,11835007,A050506,面向粒子辐射探测领域应用的具有高通用性、超多通路的全数字输出前端读出芯片关键技术研究,胡永才,西北工业大学,310,2019-01至2023-12
2018,重点项目,A01,555,81830119,H2703,非酒精性脂肪性肝病湿热证与肠道微生态的相关性及机制研究,胡义扬,上海中医药大学,294,2019-01至2023-12
2018,重点项目,A01,556,41830425,D0207,含油气盆地溶蚀流体类型判识标志、水-岩作用机理及溶蚀型储层成因模式,胡文瑄,南京大学,302,2019-01至2023-12
2018,重点项目,A01,557,61831006,F010404,面向高速率移动互联的硅基毫米波反向阵芯片关键技术,胡三明,东南大学,278,2019-01至2023-12
2018,重点项目,A01,558,41830432,D0304,扬子克拉通前寒武纪基底对中生代大面积低温成矿的制约,胡瑞忠,中国科学院地球化学研究所,303,2019-01至2023-12
2018,重点项目,A01,559,41830431,D0207,陆相页岩油在基质-裂缝体系中的多尺度运移机理研究,胡钦红,中国石油大学（华东）,299,2019-01至2023-12
2018,重点项目,A01,560,11831017,A010901,Gromov-Witten不变量理论,胡建勋,中山大学,250,2019-01至2023-12
2018,重点项目,A01,561,11832005,A0202,空间结构在轨自主组装的动态控制与地面实验,胡海岩,北京理工大学,330,2019-01至2023-12
2018,重点项目,A01,562,31830032,C090102,外侧缰核胶质细胞在抑郁症中的作用及机制研究,胡海岚,浙江大学,296,2019-01至2023-12
2018,重点项目,A01,563,11832017,A0204,基于微纳流控肺器官芯片的纳米颗粒输运研究,胡国庆,中国科学院力学研究所,320,2019-01至2023-12
2018,重点项目,A01,564,51838005,E080401,,饮用水多级屏障处理过程调控与微污染物/病原微生物协同去除研究,胡春,广州大学,300,2019-01至2023-12
2018,重点项目,A01,565,61833016,F031006,大型液体运载火箭智能健康监测自愈控制与预测维护,胡昌华,中国人民解放军火箭军工程大学,287,2019-01至2023-12
2018,重点项目,A01,566,61833001,F030110,数据驱动的地铁无人智能驾驶基础理论与技术,侯忠生,北京交通大学,283,2019-01至2023-12
2018,重点项目,A01,567,21833007,B0301,化学活性系统非平衡统计动力学的理论研究,侯中怀,中国科学技术大学,315,2019-01至2023-12
2018,重点项目,A01,568,41830644,D010105,青藏高原冰芯底部年龄的确定及全新世冰川退缩量估算,侯书贵,南京大学,307,2019-01至2023-12
2018,重点项目,A01,569,21835006,B050804,面向未来应用的聚合物太阳能电池关键材料和器件制备技术的研究,侯剑辉,中国科学院化学研究所,340,2019-01至2023-12
2018,重点项目,A01,570,81830022,H07,胰岛α与β细胞功能和表型的动态变化在血糖稳态调控中的作用及其机制,洪天配,北京大学,294,2019-01至2023-12
2018,重点项目,A01,571,31830034,C090116,面向儿童早期发育的人脑功能连接组学关键计算方法研究,贺永,北京师范大学,283,2019-01至2023-12
2018,重点项目,A01,572,11835006,A0504,系统级封装的瞬时γ剂量率效应的关键问题研究,贺朝会,西安交通大学,330,2019-01至2023-12
2018,重点项目,A01,573,31830049,C060608,植物胚胎发育早期重置“春化记忆”的分子表观遗传机制研究,何跃辉,中国科学院上海生命科学研究院,282,2019-01至2023-12
2018,重点项目,A01,574,41830110,D0401,基于微型雷达干涉测量的隧道形变稳定性监测理论与方法,何秀凤,河海大学,302,2019-01至2023-12
2018,重点项目,A01,575,31830051,C0708,肿瘤微环境中细胞程序性坏死的调控机制及功能研究,何苏丹,苏州系统医学研究所,248,2019-01至2023-12
2018,重点项目,A01,576,21833011,B030302,氮气分子在多核金属团簇上的吸附、活化与转化,何圣贵,中国科学院化学研究所,327,2019-01至2023-12
2018,重点项目,A01,577,81830107,H3105,泛素化修饰介导的转录因子异常调控在肝癌耐药中的分子机制及治疗策略研究,何俏军,浙江大学,294,2019-01至2023-12
2018,重点项目,A01,578,11835005,A050204,TeV新物理理论与实验检验,何红建,上海交通大学,330,2019-01至2023-12
2018,重点项目,A01,579,81830010,H02,氧化还原敏感蛋白SENP3介导线粒体融合/分裂失衡参与易损斑块形成的机制研究,何奔,上海交通大学,298,2019-01至2023-12
2018,重点项目,A01,580,41831174,D010102,中世纪暖期与小冰期中国东部年代际干湿格局差异及其机制研究,郝志新,中国科学院地理科学与资源研究所,302,2019-01至2023-12
2018,重点项目,A01,581,81830077,H0605,基于SCI动态病理变化的多靶向治疗促脊髓再生修复及相关机制研究,郝定均,西安交通大学,297,2019-01至2023-12
2018,重点项目,A01,582,51835006,E050701,基于生物体表感受器的机械传感仿生原理与关键技术,韩志武,吉林大学,300,2019-01至2023-12
2018,重点项目,A01,583,61834006,F0402,集成电路近似计算基础理论与设计方法,韩银和,中国科学院计算技术研究所,286,2019-01至2023-12
2018,重点项目,A01,584,11832011,A020317,基于光滑有限元法的生物组织宏观力学性能分析与软件开发,韩旭,河北工业大学,320,2019-01至2023-12
2018,重点项目,A01,585,51831012,E010501,新型磁子阀效应及其关键材料和器件原理研究,韩秀峰,中国科学院物理研究所,300,2019-01至2023-12
2018,重点项目,A01,586,81830024,H07,转录因子Ets-1介导2型糖尿病胰岛β细胞去分化与转分化的作用与机制研究,韩晓,南京医科大学,294,2019-01至2023-12
2018,重点项目,A01,587,81830002,H08,双靶点自体/通用型CART治疗B系恶性血液病的临床与抵抗相关机制研究,韩为东,中国人民解放军总医院,294,2019-01至2023-12
2018,重点项目,A01,588,51838008,E080503,基于多灾害耦合作用的高强钢管再生混凝土结构抗震性能及设计方法研究,韩林海,清华大学,305,2019-01至2023-12
2018,重点项目,A01,589,21833009,B030303,非铅钙钛矿材料光电动力学,韩克利,中国科学院大连化学物理研究所,315,2019-01至2023-12
2018,重点项目,A01,590,11833009,A030303,星际和星系际磁场研究,韩金林,中国科学院国家天文台,310,2019-01至2023-12
2018,重点项目,A01,591,51836003,E0605,孔隙介质中多相多组分反应流体输运的多尺度建模与机理研究,郭照立,华中科技大学,290,2019-01至2023-12
2018,重点项目,A01,592,61832018,F020308,嵌入式安全微处理器体系结构,郭阳,中国人民解放军国防科技大学,279,2019-01至2023-12
2018,重点项目,A01,593,81830105,H31,AKR1C3介导肿瘤耐药的新机制并发展先导化合物,郭青龙,中国药科大学,294,2019-01至2023-12
2018,重点项目,A01,594,51839010,E0906,水力装备瞬态过程非稳态流动及其诱发振动问题研究,郭鹏程,西安理工大学,300,2019-01至2023-12
2018,重点项目,A01,595,81830113,H2902,调肝启枢化浊法调控宿主-肠道菌群对话干预糖脂代谢紊乱的作用及机制研究,郭姣,广东药科大学,294,2019-01至2023-12
2018,重点项目,A01,596,11835015,A050306,奇特强子态与低能强相互作用,郭奉坤,中国科学院理论物理研究所,300,2019-01至2023-12
2018,重点项目,A01,597,31830044,C111101,氨基酸调控机体能量和糖脂代谢的作用与机制,郭非凡,中国科学院上海生命科学研究院,297,2019-01至2023-12
2018,重点项目,A01,598,61836010,F060708,基于神经网络自学习的嵌入式视觉感知技术及其芯片设计研究,郭东辉,厦门大学,276,2019-01至2023-12
2018,重点项目,A01,599,31830066,C130504,大豆耐盐基因发掘及其调控机制解析,关荣霞,中国农业科学院作物科学研究所,271,2019-01至2023-12
2018,重点项目,A01,600,51832001,E02,高性能医用铁基纳米材料的制备新技术及其机理研究,顾宁,东南大学,305,2019-01至2023-12
2018,重点项目,A01,601,81830030,H1304,线粒体去乙酰化蛋白SIRT3在噪声诱导的隐匿性听力损失中作用机制及干预研究,龚树生,首都医科大学,285,2019-01至2023-12
2018,重点项目,A01,602,21831007,B010305,有机小分子和金属联合不对称催化,龚流柱,中国科学技术大学,327,2019-01至2023-12
2018,重点项目,A01,603,81830062,H2101,线粒体DAMP分子在高原肺血管重塑中的作用与机制,高钰琪,中国人民解放军第三军医大学,294,2019-01至2023-12
2018,重点项目,A01,604,51836006,E060408,燃烧烟气多污染物高效协同催化脱除的关键基础问题,高翔,浙江大学,300,2019-01至2023-12
2018,重点项目,A01,605,31830033,C090102,小鼠全脑星形胶质细胞亚型鉴定及特定亚型的功能研究,高天明,南方医科大学,305,2019-01至2023-12
2018,重点项目,A01,606,21838011,B081002,FCC汽油关键组分精准分离与定向转化过程基础研究,高金森,中国石油大学（北京）,315,2019-01至2023-12
2018,重点项目,A01,607,61831013,F010501,硬件性能受限下室外毫米波大规模MIMO宽带通信理论与关键技术,,,,,,,,高飞飞,清华大学,289,2019-01至2023-12
2018,重点项目,A01,608,11834001,A040401,矢量涡旋光束的生成、传输及畸变校正技术研究,高春清,北京理工大学,310,2019-01至2023-12
2018,重点项目,A01,609,11831001,A010704,非双曲动力系统,甘少波,北京大学,250,2019-01至2023-12
2018,重点项目,A01,610,51832003,E02,材料的过程仿生制备新技术及其基础问题研究,傅正义,武汉理工大学,300,2019-01至2023-12
2018,重点项目,A01,611,31830082,C1507,G蛋白信号转导途径及其提高水稻氮肥利用效率的分子机制解析,傅向东,中国科学院遗传与发育生物学研究所,293,2019-01至2023-12
2018,重点项目,A01,612,51835011,E050802,跨尺度构件形性协同塑性成形理论及技术基础研究,傅铭旺,香港理工大学深圳研究院,300,2019-01至2023-12
2018,重点项目,A01,613,81830064,H15,创伤导致汗腺微环境改变与重建汗腺微环境诱导汗腺再生的基础与应用研究,付小兵,中国人民解放军总医院,293,2019-01至2023-12
2018,重点项目,A01,614,11833002,A030302,开普勒天区大样本脉动变星的星震学研究,付建宁,北京师范大学,300,2019-01至2023-12
2018,重点项目,A01,615,51838001,E080602,湿-热-力耦合作用下泥岩人工边坡灾变机理、评价方法与防控措施研究,付宏渊,长沙理工大学,305,2019-01至2023-12
2018,重点项目,A01,616,21833005,B0305,分子内激子裂分材料的设计、合成和激子动力学研究,付红兵,首都师范大学,325,2019-01至2023-12
2018,重点项目,A01,617,51837011,E0712,临床颅脑损伤电阻抗动态成像监测的关键问题研究,付峰,中国人民解放军第四军医大学,315,2019-01至2023-12
2018,重点项目,A01,618,71833005,G0305,国家治理视角下公共服务供给的财政制度研究,伏润民,云南财经大学,230,2019-01至2023-12
2018,重点项目,A01,619,61832014,F020210,价值驱动的软件服务持续迭代演化机理与关键技术,冯志勇,天津大学,272,2019-01至2023-12
2018,重点项目,A01,620,31830001,C0106,MCR基因家族：多粘菌素耐药的新机制,冯友军,浙江大学,275,2019-01至2023-12
2018,重点项目,A01,621,51839003,E0907,深埋隧道断裂型岩爆机理、模拟、监测与预警,冯夏庭,东北大学,300,2019-01至2023-12
2018,重点项目,A01,622,21831003,B0102,功能复合固体合成化学基础研究,冯守华,吉林大学,327,2019-01至2023-12
2018,重点项目,A01,623,61832007,F0203,基于忆阻器的存储计算融合机理与体系结构,冯丹,华中科技大学,286,2019-01至2023-12
2018,重点项目,A01,624,51833006,E0312,手性水凝胶的仿生构筑及性能研究,冯传良,上海交通大学,298,2019-01至2023-12
2018,重点项目,A01,625,81830081,H16,具核梭杆菌致结直肠黏膜DNA损伤诱导炎症和促癌发生,房静远,上海交通大学,293,2019-01至2023-12
2018,重点项目,A01,626,71832002,G0207,转型升级背景下消费者幸福感形成机理与提升策略研究——基于享乐论和实现论平衡视角,范秀成,复旦大学,240,2019-01至2023-12
2018,重点项目,A01,627,21838009,B0807,多糖/蛋白基“自修复”高强韧水凝胶构建的化工基础,范代娣,西北大学,315,2019-01至2023-12
2018,重点项目,A01,628,81830076,H0605,巨噬细胞极化介导的成骨破骨平衡在创伤后异位骨化中的作用及机制研究,范存义,上海交通大学,293,2019-01至2023-12
2018,重点项目,A01,629,51836007,E0605,气固两相湍流燃烧边界层特性的研究,樊建人,浙江大学,290,2019-01至2023-12
2018,重点项目,A01,630,21834007,B040505,框架核酸诱导组装的稀土上转换纳米探针及生物成像研究,樊春海,上海交通大学,315,2019-01至2023-12
2018,重点项目,A01,631,31830070,C200602,果实采后品质保持的氧化还原生物学机制,段学武,中国科学院华南植物园,283,2019-01至2023-12
2018,重点项目,A01,632,31830102,C1904,鱼类脂肪分解供能关键过程及其代谢调控机制研究,杜震宇,华东师范大学,278,2019-01至2023-12
2018,重点项目,A01,633,41830538,D0601,南印度洋热带环流的低频变异及其对热盐输运和气候模态的影响,杜岩,中国科学院南海海洋研究所,302,2019-01至2023-12
2018,重点项目,A01,634,71834004,G0412,可再生能源发展的驱动机理及路径选择：行为、市场与政策,杜慧滨,天津大学,245,2019-01至2023-12
2018,重点项目,A01,635,41831071,D041001,中高层大气关键动力学过程及其对中层顶区域的影响研究,窦贤康,武汉大学,311,2019-01至2023-12
2018,重点项目,A01,636,61833008,F0304,网络攻击下智能电网信息物理安全理论与主动防御技术研究,窦春霞,南京邮电大学,285,2019-01至2023-12
2018,重点项目,A01,637,31830027,C0805,SLAM家族维持巨噬细胞耐受的机制和应用研究,董忠军,清华大学,284,2019-01至2023-12
2018,重点项目,A01,638,11831007,A011405,分形几何与现代分析交叉研究的若干前沿问题,董新汉,湖南师范大学,265,2019-01至2023-12
2018,重点项目,A01,639,11834016,A0402,FeSe基超导单晶与薄膜的物理/化学调控及机理研究,董晓莉,中国科学院物理研究所,320,2019-01至2023-12
2018,重点项目,A01,640,61832016,F020504,基于视觉认知的可视媒体合成与评价,董未名,中国科学院自动化研究所,279,2019-01至2023-12
2018,重点项目,A01,641,11834002,A040209,新型铁基非正规铁电体材料探索及磁电耦合物理研究,董帅,东南大学,310,2019-01至2023-12
2018,重点项目,A01,642,41831285,D0203,四川盆地高湿静稳大气超细矿物相复合污染物耦合界面反应机制研究,董发勤,西南科技大学,304,2019-01至2023-12
2018,重点项目,A01,643,11833001,A030802,月球与近地小天体的地基雷达天文学成像理论与关键技术研究,丁泽刚,北京理工大学,310,2019-01至2023-12
2018,重点项目,A01,644,11833003,A030304,短伽玛射线暴及其天体物理问题研究,戴子高,南京大学,305,2019-01至2023-12
2018,重点项目,A01,645,51835013,E0509,高通量强光元件制造中的纳米损伤前驱体抑制基础研究,戴一帆,中国人民解放军国防科技大学,300,2019-01至2023-12
2018,重点项目,A01,646,51834010,E040304,致密油储层CO2智能响应型压驱体系构筑及高效排驱机制研究,戴彩丽,中国石油大学（华东）,300,2019-01至2023-12
2018,重点项目,A01,647,31830094,C170901,家蚕茧丝优良性状的遗传基础及调控机制研究,代方银,西南大学,284,2019-01至2023-12
2018,重点项目,A01,648,61832001,F020204,新型数据管理系统,崔斌,北京大学,289,2019-01至2023-12
2018,重点项目,A01,649,51839008,E0906,水泵水轮机过渡过程压力脉动演变与转轮受力失衡机理研究,程永光,武汉大学,300,2019-01至2023-12
2018,重点项目,A01,650,41830536,D0615,南极冰架变化机制及影响研究,程晓,北京师范大学,304,2019-01至2023-12
2018,重点项目,A01,651,61833015,F030415,面向智能电网的信息物理安全理论及主动防御技术,程鹏,浙江大学,289,2019-01至2023-12
2018,重点项目,A01,652,61831021,F0123,有机荧光敏感材料传感机理及传感器研究,程建功,中国科学院上海微系统与信息技术研究所,279,2019-01至2023-12
2018,重点项目,A01,653,51838003,E080202,低影响开发下的城市绿地规划理论与方法,成玉宁,东南大学,300,2019-01至2023-12
2018,重点项目,A01,654,61832012,F020710,智能物联网系统自进化统一安全机制,成秀珍,山东大学,286,2019-01至2023-12
2018,重点项目,A01,655,11831016,A0117,复杂环境下大规模电磁场问题的新型计算方法及理论分析,陈志明,中国科学院数学与系统科学研究院,220,2019-01至2023-12
2018,重点项目,A01,656,51833004,E030901,有机太阳能电池耐弯折界面层,陈义旺,南昌大学,301,2019-01至2023-12
2018,重点项目,A01,657,51833010,E0310,化疗/免疫联合治疗药物缓释水凝胶系统及其抗肿瘤应用研究,陈学思,中国科学院长春应用化学研究所,300,2019-01至2023-12
2018,重点项目,A01,658,51833011,E030703,具有光学编码功能的聚合物纳米复合材料结构与光学加密性能研究,陈旭东,中山大学,300,2019-01至2023-12
2018,重点项目,A01,659,81830114,H27,基于肠道微生态的变化探讨湿热证的生物学基础及相关方剂的作用机制,陈孝银,暨南大学,294,2019-01至2023-12
2018,重点项目,A01,660,31830087,C040602,重要媒介蚊虫昼夜节律的分子调控机制,陈晓光,南方医科大学,281,2019-01至2023-12
2018,重点项目,A01,661,81830096,H1103,肠道菌群在肥胖相关性银屑病中的作用机制研究,陈翔,中南大学,292,2019-01至2023-12
2018,重点项目,A01,662,81830019,H05,狼疮性肾炎发生进展及药物干预效果的遗传分子机制研究,陈香美,中国人民解放军总医院,294,2019-01至2023-12
2018,重点项目,A01,663,81830109,H28,基于临床真实世界证据的中药质量标志物的发现与确认,陈万生,中国人民解放军第二军医大学,294,2019-01至2023-12
2018,重点项目,A01,664,21832004,B020404,氧电催化体系表界面结构及过程的动态谱学与理论模拟解析,陈胜利,武汉大学,315,2019-01至2023-12
2018,重点项目,A01,665,51835005,E0512,面向柔性量子点显示稳定化的原子层沉积跨尺度制造方法研究,陈蓉,华中科技大学,300,2019-01至2023-12
2018,重点项目,A01,666,51836004,E0603,分布式综合能源系统中多能输运和转换的耦合机理与整体调控原理研究,陈群,清华大学,300,2019-01至2023-12
2018,重点项目,A01,667,81830011,H02,模式识别受体介导的心脏细胞代谢重编程对病理性重构的作用及其调控机制的研究,陈琪,南京医科大学,293,2019-01至2023-12
2018,重点项目,A01,668,31830108,C0513,小核仁RNA加工来源的两类新型长非编码RNAs的代谢和功能研究,陈玲玲,中国科学院上海生命科学研究院,290,2019-01至2023-12
2018,重点项目,A01,669,81830075,H06,FGFR3在纤维环/椎间盘退变及修复中作用与机制研究,陈林,中国人民解放军第三军医大学,293,2019-01至2023-12
2018,重点项目,A01,670,41830109,D0106,气溶胶物理与组分信息的卫星遥感探测机理与算法模型研究,陈良富,中国科学院遥感与数字地球研究所,304,2019-01至2023-12
2018,重点项目,A01,671,71834002,G0407,“互联网+”时代的教育改革与创新管理研究,陈丽,北京师范大学,220,2019-01至2023-12
2018,重点项目,A01,672,11832006,A020601,含铝炸药爆轰反应机理和能量释放规律研究,陈朗,北京理工大学,320,2019-01至2023-12
2018,重点项目,A01,673,81830046,H10,激酶NDR1/2在机体抗感染应激中免疫调节与宿主防御的作用机制与功能研究,陈兰芬,厦门大学,295,2019-01至2023-12
2018,重点项目,A01,674,21835004,B050803,碱金属Na/K离子快速传输的关键电极材料及电池应用,陈军,南开大学,340,2019-01至2023-12
2018,重点项目,A01,675,41830647,D0301,雾霾和臭氧污染对大气汞相态转化及全球汞循环叠合干扰的稳定同位素示踪,陈玖斌,天津大学,305,2019-01至2023-12
2018,重点项目,A01,676,61831019,F011102,复杂场景声信号获取和识别基础理论与方法研究:,多通道声信号获取、传输与重构,陈景东,西北工业大学,282,2019-01至2023-12
2018,重点项目,A01,677,51831004,E010701,典型航空铝合金三维动态组织结构的原子分辨率电镜表征研究,陈江华,湖南大学,300,2019-01至2023-12
2018,重点项目,A01,678,31830112,C0710,细胞微环境钙离子对淋巴细胞黏附可塑性的调控及其机制研究,陈剑峰,中国科学院上海生命科学研究院,279,2019-01至2023-12
2018,重点项目,A01,679,41831286,D0705,高地应力软岩隧道大变形灾变机理及预测评价与控制方法,陈建勋,长安大学,302,2019-01至2023-12
2018,重点项目,A01,680,11832013,A020307,南海环境下钢筋混凝土结构腐蚀损伤及其与碳化和氯离子传输之间的耦合作用,陈建康,宁波大学,300,2019-01至2023-12
2018,重点项目,A01,681,31830110,C0701,中心体复制的数量控制及其分子机制分析,陈建国,北京大学,288,2019-01至2023-12
2018,重点项目,A01,682,31830068,C200303,维生素C一菌一步发酵过程中醇糖酮氧化机制及其调控,陈坚,江南大学,287,2019-01至2023-12
2018,重点项目,A01,683,81830091,H1602,FBXO22降解核PTEN及其在mRNA可变剪接与肿瘤发生发展中的作用,陈国强,上海交通大学,297,2019-01至2023-12
2018,重点项目,A01,684,31830014,C1607,土壤增温对杉木人工林根际激发效应的影响及机理,陈光水,福建师范大学,282,2019-01至2023-12
2018,重点项目,A01,685,31830072,C140103,稻黄单胞菌识别和逃逸Xa1类抗性水稻的分子机理,陈功友,上海交通大学,291,2019-01至2023-12
2018,重点项目,A01,686,81830036,H09,胶质细胞调控蛛网膜下腔出血后神经损伤的机制研究,陈罡,苏州大学,293,2019-01至2023-12
2018,重点项目,A01,687,81830045,H0420,胎盘与蜕膜协同发育异常与子痫前期,陈敦金,广州医科大学,294,2019-01至2023-12
2018,重点项目,A01,688,81830087,H16,E3泛素连接酶RNF126通过调节DNA损伤修复促进乳腺癌,陈策实,中国科学院昆明动物研究所,297,2019-01至2023-12
2018,重点项目,A01,689,81830092,H1602,CREPT在DNA损伤修复及其引起的炎症反应中的作用机理,常智杰,清华大学,293,2019-01至2023-12
2018,重点项目,A01,690,61831012,F012009,太赫兹磁光微结构电磁调控机理与单向传输器件研究,常胜江,南开大学,290,2019-01至2023-12
2018,重点项目,A01,691,81830058,H1805,基于多模态医学影像的乳腺癌智能诊断系统,常才,复旦大学,294,2019-01至2023-12
2018,重点项目,A01,692,41831284,D0102,中国西部贫困山区可达性减贫效应与机理,曹小曙,陕西师范大学,298,2019-01至2023-12
2018,重点项目,A01,693,61833005,F0304,基于群体智能的分布式优化理论、方法及应用研究,曹进德,东南大学,285,2019-01至2023-12
2018,重点项目,A01,694,61834001,F0408,新型神经形态器件及芯片集成基础研究,蔡一茂,北京大学,302,2019-01至2023-12
2018,重点项目,A01,695,51837007,E070602,大规模风光电源与柔性直流系统的交互动态特性形成机理、稳定性分析与镇定控制,蔡旭,上海交通大学,300,2019-01至2023-12
2018,重点项目,A01,696,21832005,B020106,光催化剂原子间光生电荷迁移及化学价键变化研究,毕迎普,中国科学院兰州化学物理研究所,315,2019-01至2023-12
2018,重点项目,A01,697,31830104,C010204,抗糖尿病氨基环醇类阿卡波糖的生物合成及其调控机理,白林泉,上海交通大学,275,2019-01至2023-12
2018,重点项目,A01,698,41830321,D0615,南极典型植物群落形成机制与功能,安黎哲,兰州大学,309,2019-01至2023-12
2018,重点项目,A01,699,31830103,C1904,磷脂对大黄鱼脂肪代谢和炎性反应调控机制研究,艾庆辉,中国海洋大学,289,2019-01至2023-12
2018,重点项目,A01,700,41831279,D0703,中国北方地下水砷不同尺度空间非均质性驱动机制,Zheng,Yan,南方科技大学,306,2019-01至2023-12
2018,重点项目,A01,701,81830035,H09,急性全脑缺血后抑郁的机制和治疗,Xia,Zhang,青岛大学,293,2019-01至2023-12
